nm0000001	Fred Astaire	1899	1987	soundtrack,actor,miscellaneous	tt0053137,tt0031983,tt0050419,tt0072308
nm0000002	Lauren Bacall	1924	2014	actress,soundtrack	tt0038355,tt0071877,tt0037382,tt0117057
nm0000003	Brigitte Bardot	1934	\N	actress,soundtrack,music_department	tt0056404,tt0057345,tt0054452,tt0049189
nm0000004	John Belushi	1949	1982	actor,soundtrack,writer	tt0078723,tt0077975,tt0072562,tt0080455
nm0000005	Ingmar Bergman	1918	2007	writer,director,actor	tt0060827,tt0050986,tt0069467,tt0083922
nm0000006	Ingrid Bergman	1915	1982	actress,soundtrack,producer	tt0034583,tt0036855,tt0038109,tt0077711
nm0000007	Humphrey Bogart	1899	1957	actor,soundtrack,producer	tt0034583,tt0033870,tt0043265,tt0037382
nm0000008	Marlon Brando	1924	2004	actor,soundtrack,director	tt0078788,tt0068646,tt0047296,tt0070849
nm0000009	Richard Burton	1925	1984	actor,soundtrack,producer	tt0059749,tt0061184,tt0087803,tt0057877
nm0000010	James Cagney	1899	1986	actor,soundtrack,director	tt0029870,tt0031867,tt0035575,tt0042041
nm0000011	Gary Cooper	1901	1961	actor,soundtrack,producer	tt0044706,tt0034167,tt0035896,tt0027996
nm0000012	Bette Davis	1908	1989	actress,soundtrack,make_up_department	tt0056687,tt0031210,tt0035140,tt0042192
nm0000013	Doris Day	1922	2019	soundtrack,actress,producer	tt0048317,tt0049470,tt0045591,tt0053172
nm0000014	Olivia de Havilland	1916	2020	actress,soundtrack	tt0029843,tt0040806,tt0031381,tt0041452
nm0000015	James Dean	1931	1955	actor,miscellaneous	tt0048028,tt0049261,tt0048545,tt0120956
nm0000016	Georges Delerue	1925	1992	composer,soundtrack,music_department	tt0069946,tt0057345,tt0096320,tt0091763
nm0000017	Marlene Dietrich	1901	1992	soundtrack,actress,music_department	tt0052311,tt0051201,tt0021156,tt0055031
nm0000018	Kirk Douglas	1916	2020	actor,producer,soundtrack	tt0049456,tt0043338,tt0054331,tt0043465
nm0000019	Federico Fellini	1920	1993	writer,director,assistant_director	tt0050783,tt0047528,tt0071129,tt0056801
nm0000020	Henry Fonda	1905	1982	actor,producer,soundtrack	tt0032551,tt0051207,tt0082846,tt0050083
nm0000021	Joan Fontaine	1917	2013	actress,soundtrack,producer	tt0034248,tt0035751,tt0032976,tt0040536
nm0000022	Clark Gable	1901	1960	actor,soundtrack,producer	tt0023382,tt0025316,tt0031381,tt0026752
nm0000023	Judy Garland	1922	1969	soundtrack,actress	tt0047522,tt0055031,tt0032138,tt0037059
nm0000024	John Gielgud	1904	2000	actor,writer,director	tt0071877,tt0082031,tt0117631,tt0045943
nm0000025	Jerry Goldsmith	1929	2004	music_department,soundtrack,composer	tt0117731,tt0077269,tt0112715,tt0119488
nm0000026	Cary Grant	1904	1986	actor,soundtrack,producer	tt0048728,tt0053125,tt0056923,tt0034248
nm0000027	Alec Guinness	1914	2000	actor,soundtrack,writer	tt0076759,tt0051739,tt0050212,tt0041546
nm0000028	Rita Hayworth	1918	1987	actress,soundtrack,producer	tt0036723,tt0046076,tt0040525,tt0038559
nm0000029	Margaux Hemingway	1954	1996	actress,miscellaneous	tt0074802,tt0110138,tt0102122,tt0077800
nm0000030	Audrey Hepburn	1929	1993	actress,soundtrack	tt0046250,tt0054698,tt0058385,tt0056923
nm0000031	Katharine Hepburn	1907	2003	actress,soundtrack,writer	tt0082846,tt0032904,tt0043265,tt0063227
nm0000032	Charlton Heston	1923	2008	actor,director,writer	tt0049833,tt0070723,tt0063442,tt0052618
nm0000033	Alfred Hitchcock	1899	1980	director,producer,actor	tt0052357,tt0053125,tt0054215,tt0056869
nm0000034	William Holden	1918	1981	actor,soundtrack	tt0074958,tt0043014,tt0047437,tt0046359
nm0000035	James Horner	1953	2015	music_department,soundtrack,composer	tt0090633,tt0120338,tt0120746,tt0499549
nm0000036	Buster Keaton	1895	1966	actor,writer,director	tt0015324,tt0017925,tt0016332,tt0019421
nm0000037	Gene Kelly	1912	1996	soundtrack,actor,director	tt0045152,tt0053946,tt0041716,tt0043278
nm0000038	Grace Kelly	1929	1982	actress,soundtrack	tt0046912,tt0047396,tt0046874,tt0048728
nm0000039	Deborah Kerr	1921	2007	actress,soundtrack	tt0045793,tt0050105,tt0039192,tt0049408
nm0000040	Stanley Kubrick	1928	1999	writer,director,producer	tt0072684,tt0120663,tt0066921,tt0062622
nm0000041	Akira Kurosawa	1910	1998	writer,director,assistant_director	tt0051808,tt0080979,tt0057565,tt0089881
nm0000042	Alan Ladd	1913	1964	actor,producer,camera_department	tt0039056,tt0046303,tt0038369,tt0035432
nm0000043	Veronica Lake	1922	1973	actress,soundtrack,producer	tt0034881,tt0034240,tt0038369,tt0035432
nm0000044	Burt Lancaster	1913	1994	actor,producer,miscellaneous	tt0051036,tt0045793,tt0080388,tt0053793
nm0000045	Bruce Lee	1940	1973	actor,writer,miscellaneous	tt0068767,tt0070034,tt0067824,tt0068935
nm0000046	Vivien Leigh	1913	1967	actress,soundtrack,writer	tt0031381,tt0034272,tt0044081,tt0033238
nm0000047	Sophia Loren	1934	\N	actress,soundtrack	tt0054749,tt0058335,tt0076085,tt0060121
nm0000048	Peter Lorre	1904	1964	actor,soundtrack,writer	tt0033870,tt0022100,tt0034583,tt0036613
nm0000049	Henry Mancini	1924	1994	music_department,soundtrack,composer	tt0383216,tt0085101,tt0054698,tt0057413
nm0000050	Groucho Marx	1890	1977	soundtrack,actor,writer	tt0028772,tt0026778,tt0023969,tt0023027
nm0000051	James Mason	1909	1984	actor,producer,writer	tt0047522,tt0084855,tt0056193,tt0053125
nm0000052	Marcello Mastroianni	1924	1996	actor,producer,soundtrack	tt0091113,tt0056801,tt0053779,tt0076085
nm0000053	Robert Mitchum	1917	1997	actor,soundtrack,producer	tt0039689,tt0056197,tt0048424,tt0055824
nm0000054	Marilyn Monroe	1926	1962	soundtrack,actress,writer	tt0048605,tt0053291,tt0050861,tt0045810
nm0000055	Alfred Newman	1900	1970	music_department,composer,soundtrack	tt0056085,tt0049408,tt0065377,tt0042192
nm0000056	Paul Newman	1925	2008	actor,producer,director	tt0054997,tt0257044,tt0061512,tt0084855
nm0000057	David Niven	1910	1983	actor,producer,soundtrack	tt0074937,tt0057413,tt0052182,tt0061452
nm0000058	Maureen O'Hara	1920	2015	actress,soundtrack	tt0041149,tt0039628,tt0055277,tt0045061
nm0000059	Laurence Olivier	1907	1989	actor,producer,director	tt0069281,tt0074860,tt0032976,tt0077269
nm0000060	Gregory Peck	1916	2003	actor,producer,soundtrack	tt0046250,tt0077269,tt0038109,tt0056592
nm0000061	Tyrone Power	1914	1958	actor,soundtrack,producer	tt0042256,tt0051201,tt0034405,tt0043959
nm0000062	Elvis Presley	1935	1977	soundtrack,actor,music_department	tt0053848,tt0056585,tt0056023,tt0054692
nm0000063	Anthony Quinn	1915	2001	actor,producer,soundtrack	tt0056172,tt0064952,tt0057831,tt0049456
nm0000064	Edward G. Robinson	1893	1973	actor,soundtrack,writer	tt0070723,tt0036775,tt0038991,tt0040506
nm0000065	Nino Rota	1911	1979	composer,soundtrack,music_department	tt0068646,tt0063518,tt0071562,tt0056801
nm0000066	Jane Russell	1921	2011	actress,soundtrack,producer	tt0040679,tt0043643,tt0043476,tt0045810
nm0000067	Miklós Rózsa	1907	1995	music_department,composer,soundtrack	tt0038109,tt0036775,tt0037884,tt0052618
nm0000068	Randolph Scott	1898	1987	actor,producer,soundtrack	tt0027630,tt0029284,tt0026942,tt0051047
nm0000069	Frank Sinatra	1915	1998	soundtrack,actor,producer	tt0048347,tt0056218,tt0052218,tt0045793
nm0000070	Max Steiner	1888	1971	music_department,composer,soundtrack	tt0034583,tt0036613,tt0031381,tt0040897
nm0000071	James Stewart	1908	1997	actor,soundtrack,director	tt0032904,tt0052561,tt0052357,tt0031679
nm0000072	Elizabeth Taylor	1932	2011	actress,soundtrack,producer	tt0056937,tt0051459,tt0053318,tt0061184
nm0000073	Shirley Temple	1928	2014	actress,soundtrack,writer	tt0016029,tt0028118,tt0030657,tt0031580
nm0000074	Gene Tierney	1920	1991	actress,soundtrack	tt0037008,tt0035979,tt0039420,tt0037865
nm0000075	Spencer Tracy	1900	1967	actor,soundtrack	tt0061735,tt0053946,tt0055031,tt0047849
nm0000076	François Truffaut	1932	1984	writer,director,producer	tt0055032,tt0053198,tt0075860,tt0070460
nm0000077	Franz Waxman	1906	1967	music_department,composer,soundtrack	tt0043014,tt0034248,tt0032976,tt0026138
nm0000078	John Wayne	1907	1979	actor,producer,soundtrack	tt0056217,tt0065126,tt0031971,tt0053580
nm0000079	Raquel Welch	1940	\N	actress,soundtrack,producer	tt0061653,tt0072281,tt0070291,tt0066115
nm0000080	Orson Welles	1915	1985	actor,director,writer	tt0052311,tt0038991,tt0033467,tt0040525
nm0000081	Natalie Wood	1938	1981	actress,soundtrack,music_department	tt0085271,tt0048545,tt0055614,tt0055471
nm0000082	Victor Young	1900	1956	music_department,soundtrack,composer	tt3315342,tt0119094,tt0045061,tt0048960
nm0000083	Alan Miller	\N	\N	editor,writer,director	tt5969604,tt0320978,tt0424773,tt0969216
nm0000084	Gong Li	1965	\N	actress,producer	tt0473444,tt0397535,tt0430357,tt0101640
nm0000085	Henner Hofmann	1950	\N	cinematographer,producer,camera_department	tt0113482,tt0097738,tt0097523,tt1825758
nm0000086	Louis de Funès	1914	1983	actor,writer,soundtrack	tt0083109,tt0074103,tt0079200,tt0069747
nm0000087	Elena Koreneva	1953	\N	actress,casting_director,soundtrack	tt0122969,tt0080912,tt7529350,tt5847740
nm0000088	Aleksey Korenev	1927	1995	director,writer,assistant_director	tt0191104,tt0068304,tt0100069,tt0063752
nm0000089	Richard Paul	1940	1998	actor,soundtrack	tt0088529,tt0075489,tt0086765,tt0117318
nm0000090	Armin Mueller-Stahl	1930	\N	actor,director,writer	tt0765443,tt0117631,tt0139809,tt0963178
nm0000091	Gérard Pirès	1942	\N	director,writer,actor	tt0374627,tt0064297,tt0152930,tt0282552
nm0000092	John Cleese	1939	\N	actor,writer,producer	tt0095159,tt0085959,tt0071853,tt0063929
nm0000093	Brad Pitt	1963	\N	actor,producer,soundtrack	tt0114746,tt1210166,tt0356910,tt2935510
nm0000094	J. Reifel	\N	\N	writer	tt0118631,tt0118886,tt0117915,tt0116030
nm0000095	Woody Allen	1935	\N	writer,director,actor	tt0079522,tt0075686,tt0091167,tt0097123
nm0000096	Gillian Anderson	1968	\N	actress,producer,soundtrack	tt0455590,tt0106179,tt0442632,tt2294189
nm0000097	Pamela Anderson	1967	\N	actress,producer,director	tt0115624,tt0426592,tt0267913,tt0306047
nm0000098	Jennifer Aniston	1969	\N	actress,producer,soundtrack	tt1723121,tt0108778,tt3442006,tt0279113
nm0000099	Patricia Arquette	1968	\N	actress,soundtrack,director	tt0412175,tt0108399,tt0145531,tt1065073
nm0000100	Rowan Atkinson	1955	\N	actor,writer,producer	tt0110357,tt1634122,tt0274166,tt0118689
nm0000101	Dan Aykroyd	1952	\N	writer,actor,producer	tt0087332,tt0118747,tt0097428,tt0080455
nm0000102	Kevin Bacon	1958	\N	actor,producer,soundtrack	tt0327056,tt0361127,tt0164052,tt0087277
nm0000103	Fairuza Balk	1974	\N	actress,soundtrack	tt0115963,tt0120586,tt0089908,tt0181875
nm0000104	Antonio Banderas	1960	\N	actor,soundtrack,writer	tt0120746,tt0120657,tt1189073,tt0112851
nm0000105	Adrienne Barbeau	1945	\N	actress,soundtrack	tt0080749,tt0082340,tt0083767,tt1024648
nm0000106	Drew Barrymore	1975	\N	producer,actress,soundtrack	tt0151738,tt0343660,tt0160127,tt0120631
nm0000107	Kim Basinger	1953	\N	actress,soundtrack,producer	tt0337921,tt0108525,tt0119488,tt0096895
nm0000108	Luc Besson	1959	\N	writer,producer,director	tt0110413,tt0100263,tt2872732,tt0119116
nm0000109	Yasmine Bleeth	1968	\N	actress	tt0115285,tt0131857,tt0111892,tt0337851
nm0000110	Kenneth Branagh	1960	\N	actor,producer,director	tt0107616,tt0116477,tt0097499,tt3402236
nm0000111	Matthew Broderick	1962	\N	actor,soundtrack,director	tt0091042,tt0395251,tt0126886,tt0086567
nm0000112	Pierce Brosnan	1953	\N	actor,producer,soundtrack	tt0155267,tt0795421,tt0120347,tt0143145
nm0000113	Sandra Bullock	1964	\N	producer,actress,soundtrack	tt0111257,tt1041829,tt1454468,tt0212346
nm0000114	Steve Buscemi	1957	\N	actor,producer,director	tt0116282,tt4686844,tt0105236,tt0162346
nm0000115	Nicolas Cage	1964	\N	actor,producer,soundtrack	tt0435705,tt0117500,tt0119094,tt0113627
nm0000116	James Cameron	1954	\N	writer,producer,director	tt0090605,tt0103064,tt0499549,tt0120338
nm0000117	Neve Campbell	1973	\N	actress,producer,soundtrack	tt0134084,tt0120082,tt0120890,tt0117571
nm0000118	John Carpenter	1948	\N	soundtrack,writer,composer	tt0096256,tt0077651,tt0082340,tt0080749
nm0000119	Tia Carrere	1967	\N	actress,soundtrack,producer	tt0275847,tt0111503,tt0207919,tt0105793
nm0000120	Jim Carrey	1962	\N	actor,writer,producer	tt0110475,tt0338013,tt0315327,tt0109040
nm0000121	Phoebe Cates	1963	\N	actress,soundtrack	tt0101775,tt0083929,tt0087363,tt0086143
nm0000122	Charles Chaplin	1889	1977	writer,soundtrack,actor	tt0027977,tt0018773,tt0044837,tt0032553
nm0000123	George Clooney	1961	\N	actor,producer,director	tt0433383,tt0465538,tt1193138,tt1124035
nm0000124	Jennifer Connelly	1970	\N	actress	tt0268978,tt0180093,tt0102803,tt0315983
nm0000125	Sean Connery	1930	2020	actor,producer,soundtrack	tt0055928,tt0117500,tt0059800,tt0094226
nm0000126	Kevin Costner	1955	\N	actor,producer,soundtrack	tt0103855,tt0102798,tt0119925,tt0099348
nm0000127	Wes Craven	1939	2015	writer,producer,director	tt0087800,tt0111686,tt0117571,tt0105121
nm0000128	Russell Crowe	1964	\N	actor,soundtrack,producer	tt1707386,tt0119488,tt0172495,tt0268978
nm0000129	Tom Cruise	1962	\N	actor,producer,soundtrack	tt0325710,tt0117060,tt0116695,tt0092099
nm0000130	Jamie Lee Curtis	1958	\N	actress,producer,director	tt0120694,tt1502407,tt0086465,tt0111503
nm0000131	John Cusack	1966	\N	actor,producer,writer	tt0119229,tt0098258,tt0450385,tt0146882
nm0000132	Claire Danes	1979	\N	actress,producer,soundtrack	tt0274558,tt0108872,tt1796960,tt0117509
nm0000133	Geena Davis	1956	\N	actress,producer,soundtrack	tt0104694,tt0103074,tt0091064,tt0116908
nm0000134	Robert De Niro	1943	\N	actor,producer,soundtrack	tt0081398,tt0075314,tt0101540,tt0077416
nm0000135	John Denver	1943	1997	soundtrack,music_department,actor	tt0120591,tt4649466,tt0076489,tt0299328
nm0000136	Johnny Depp	1963	\N	actor,producer,soundtrack	tt0449088,tt0325980,tt0408236,tt0367594
nm0000137	Bo Derek	1956	\N	actress,producer,miscellaneous	tt0099656,tt0114694,tt0083170,tt0086987
nm0000138	Leonardo DiCaprio	1974	\N	actor,producer,soundtrack	tt0407887,tt0338751,tt0993846,tt1375666
nm0000139	Cameron Diaz	1972	\N	actress,producer,soundtrack	tt0259711,tt1284575,tt0129387,tt0160127
nm0000140	Michael Douglas	1944	\N	actor,producer,soundtrack	tt0093010,tt1291580,tt0103772,tt0094291
nm0000141	David Duchovny	1960	\N	actor,producer,director	tt0120902,tt0106179,tt0904208,tt0443701
nm0000142	Clint Eastwood	1930	\N	actor,producer,director	tt0405159,tt0105695,tt1205489,tt0112579
nm0000143	Erika Eleniak	1969	\N	actress	tt0105690,tt0094761,tt0083866,tt0106400
nm0000144	Cary Elwes	1962	\N	actor,producer,director	tt0387564,tt0119468,tt0093779,tt0107977
nm0000145	Sherilyn Fenn	1965	\N	actress,soundtrack	tt0092240,tt0105046,tt0100935,tt0098936
nm0000146	Ralph Fiennes	1962	\N	actor,director,producer	tt1201607,tt0108052,tt0387131,tt2278388
nm0000147	Colin Firth	1960	\N	actor,producer,soundtrack	tt2802144,tt0243155,tt1315981,tt1504320
nm0000148	Harrison Ford	1942	\N	actor,writer,producer	tt0082971,tt0090329,tt0106977,tt0076759
nm0000149	Jodie Foster	1962	\N	actress,director,producer	tt0075314,tt0476964,tt0118884,tt0102926
nm0000150	Michael J. Fox	1961	\N	actor,producer,miscellaneous	tt0096874,tt0115369,tt0116365,tt0088763
nm0000151	Morgan Freeman	1937	\N	actor,producer,soundtrack	tt0114369,tt0468569,tt0405159,tt1057500
nm0000152	Richard Gere	1949	\N	actor,soundtrack,producer	tt0119395,tt0100405,tt0299658,tt0163187
nm0000153	Gina Gershon	1962	\N	actress,soundtrack,producer	tt0119094,tt0115736,tt1726669,tt0114436
nm0000154	Mel Gibson	1956	\N	actor,producer,director	tt0104714,tt0112573,tt0118883,tt0117438
nm0000155	Whoopi Goldberg	1955	\N	actress,producer,writer	tt0099653,tt0088939,tt0105417,tt0108147
nm0000156	Jeff Goldblum	1952	\N	actor,soundtrack,producer	tt0107290,tt0091064,tt2278388,tt0116629
nm0000157	Linda Hamilton	1956	\N	actress	tt0088247,tt0103064,tt0118928,tt6450804
nm0000158	Tom Hanks	1956	\N	producer,actor,soundtrack	tt0162222,tt0094737,tt0109830,tt0120815
nm0000159	Teri Hatcher	1964	\N	actress,soundtrack,writer	tt0410975,tt0227538,tt0120347,tt0106057
nm0000160	Ethan Hawke	1970	\N	actor,writer,producer	tt0381681,tt2209418,tt0112471,tt0139654
nm0000161	Salma Hayek	1966	\N	actress,producer,soundtrack	tt1615065,tt0120679,tt0112851,tt0120655
nm0000162	Anne Heche	1969	\N	actress,writer,producer	tt0120885,tt0119008,tt0120828,tt0120461
nm0000163	Dustin Hoffman	1937	\N	actor,producer,soundtrack	tt0095953,tt0061722,tt0084805,tt0064665
nm0000164	Anthony Hopkins	1937	\N	actor,soundtrack,composer	tt0212985,tt0102926,tt0975645,tt0412080
nm0000165	Ron Howard	1954	\N	actor,producer,writer	tt0367279,tt0268978,tt0112384,tt0088933
nm0000166	Helen Hunt	1963	\N	actress,producer,director	tt0119822,tt0103484,tt0117998,tt0162222
nm0000167	Elizabeth Hurley	1965	\N	actress,producer	tt0230030,tt0118655,tt0145660,tt0105104
nm0000168	Samuel L. Jackson	1948	\N	actor,producer,soundtrack	tt0110912,tt2802144,tt3460252,tt4154664
nm0000169	Tommy Lee Jones	1946	\N	actor,director,soundtrack	tt0106977,tt2398231,tt0477348,tt0443272
nm0000170	Milla Jovovich	1975	\N	actress,soundtrack,producer	tt0119116,tt0432021,tt1220198,tt1220634
nm0000171	Ashley Judd	1968	\N	actress,producer,director	tt0113277,tt0352277,tt0150377,tt0470705
nm0000172	Harvey Keitel	1939	\N	actor,producer,soundtrack	tt2278388,tt0105236,tt0110912,tt0103759
nm0000173	Nicole Kidman	1967	\N	actress,producer,soundtrack	tt0935075,tt0274558,tt0276919,tt0203009
nm0000174	Val Kilmer	1959	\N	actor,soundtrack,producer	tt0101761,tt0373469,tt0120053,tt0235737
nm0000175	Stephen King	1947	\N	writer,producer,actor	tt0324864,tt0083767,tt0091499,tt0111161
nm0000176	Nastassja Kinski	1961	\N	actress,producer,soundtrack	tt0087884,tt0111400,tt0083722,tt0080009
nm0000177	Kevin Kline	1947	\N	actor,soundtrack,music_department	tt0119360,tt0095159,tt0106673,tt0120891
nm0000178	Diane Lane	1965	\N	actress,soundtrack	tt0086066,tt0250797,tt0328589,tt2096673
nm0000179	Jude Law	1972	\N	actor,producer,soundtrack	tt0134119,tt0376541,tt2278388,tt0346156
nm0000180	David Lean	1908	1991	editor,director,writer	tt0056172,tt0050212,tt0059113,tt0087892
nm0000181	Heather Locklear	1961	\N	actress,producer,soundtrack	tt0098193,tt0103491,tt0119695,tt0380623
nm0000182	Jennifer Lopez	1969	\N	actress,producer,soundtrack	tt0120780,tt2126357,tt0252076,tt5503686
nm0000183	Traci Lords	1968	\N	actress,soundtrack,producer	tt1984153,tt0120611,tt0099329,tt1007028
nm0000184	George Lucas	1944	\N	writer,producer,director	tt0082971,tt0066434,tt0069704,tt0076759
nm0000185	Dolph Lundgren	1957	\N	actor,producer,director	tt0105698,tt0089927,tt0113481,tt0093507
nm0000186	David Lynch	1946	\N	writer,director,producer	tt0105665,tt0460829,tt0098936,tt0166924
nm0000187	Madonna	1958	\N	soundtrack,composer,music_department	tt0246460,tt0156841,tt0116250,tt0104694
nm0000188	Steve Martin	1945	\N	writer,actor,soundtrack	tt0079367,tt0093886,tt0383216,tt0102250
nm0000189	Jenny McCarthy Wahlberg	1972	\N	actress,producer,writer	tt0455967,tt0131857,tt0134084,tt0327643
nm0000190	Matthew McConaughey	1969	\N	actor,producer,soundtrack	tt1935179,tt0790636,tt1915581,tt1726669
nm0000191	Ewan McGregor	1971	\N	actor,writer,producer	tt1322269,tt2763304,tt0117951,tt0203009
nm0000192	Alyssa Milano	1972	\N	actress,producer,soundtrack	tt0116287,tt0086827,tt0158552,tt0088944
nm0000193	Demi Moore	1962	\N	actress,producer,director	tt0107211,tt0305357,tt0119173,tt0099653
nm0000194	Julianne Moore	1960	\N	actress,producer,soundtrack	tt0842926,tt0175880,tt0297884,tt3316960
nm0000195	Bill Murray	1950	\N	actor,soundtrack,writer	tt1748122,tt0335266,tt0128445,tt0362270
nm0000196	Mike Myers	1963	\N	actor,writer,soundtrack	tt0295178,tt0811138,tt0145660,tt0118655
nm0000197	Jack Nicholson	1937	\N	actor,soundtrack,producer	tt0071315,tt0073486,tt0119822,tt0407887
nm0000198	Gary Oldman	1958	\N	actor,soundtrack,producer	tt1340800,tt0103874,tt0468569,tt4555426
nm0000199	Al Pacino	1940	\N	actor,producer,soundtrack	tt0068646,tt0099422,tt0070666,tt0072890
nm0000200	Bill Paxton	1955	2017	actor,producer,writer	tt0112384,tt0090605,tt0264616,tt0117998
nm0000201	Michelle Pfeiffer	1958	\N	actress,soundtrack,producer	tt0427327,tt0097322,tt0117247,tt0161081
nm0000202	Ryan Phillippe	1974	\N	actor,producer,director	tt0375679,tt0120577,tt0139134,tt0280707
nm0000203	River Phoenix	1970	1993	actor,soundtrack	tt0091557,tt0102494,tt0092005,tt0096018
nm0000204	Natalie Portman	1981	\N	actress,producer,soundtrack	tt0110413,tt0434409,tt0947798,tt0376541
nm0000205	Parker Posey	1968	\N	actress,soundtrack,writer	tt0359013,tt0134084,tt0348150,tt0106677
nm0000206	Keanu Reeves	1964	\N	actor,producer,soundtrack	tt0102685,tt0111257,tt0234215,tt0133093
nm0000207	Christina Ricci	1980	\N	actress,producer,soundtrack	tt0118789,tt0462200,tt0112642,tt0811080
nm0000208	Molly Ringwald	1968	\N	actress,soundtrack,music_department	tt0088847,tt0091790,tt0088128,tt0095169
nm0000209	Tim Robbins	1958	\N	actor,producer,director	tt0327056,tt0091225,tt0105151,tt0111161
nm0000210	Julia Roberts	1967	\N	actress,producer,soundtrack	tt0195685,tt0119738,tt0100405,tt0376541
nm0000211	Mimi Rogers	1955	\N	actress,producer,soundtrack	tt0118655,tt0120738,tt0210070,tt0488085
nm0000212	Meg Ryan	1961	\N	actress,producer,soundtrack	tt0108160,tt0128853,tt0098635,tt0120632
nm0000213	Winona Ryder	1971	\N	actress,producer,soundtrack	tt0099487,tt0097493,tt0110367,tt0172493
nm0000214	Mia Sara	1967	\N	actress,soundtrack	tt0312098,tt0111438,tt0091042,tt0089469
nm0000215	Susan Sarandon	1946	\N	actress,producer,soundtrack	tt0103074,tt0112818,tt0120686,tt0094812
nm0000216	Arnold Schwarzenegger	1947	\N	actor,producer,director	tt0088247,tt0216216,tt0103064,tt0107362
nm0000217	Martin Scorsese	1942	\N	producer,director,actor	tt0075314,tt0106226,tt0099685,tt0070379
nm0000218	Kristin Scott Thomas	1960	\N	actress,soundtrack,director	tt0109831,tt1602613,tt0280707,tt0116209
nm0000219	Steven Seagal	1952	\N	producer,actor,writer	tt0094602,tt0105690,tt0110725,tt0242445
nm0000220	Joan Severance	1958	\N	actress,producer	tt0098282,tt0112519,tt0099141,tt0115696
nm0000221	Charlie Sheen	1965	\N	actor,producer,soundtrack	tt0094291,tt0107144,tt0108333,tt0369179
nm0000222	Brooke Shields	1965	\N	actress,producer,soundtrack	tt0080453,tt0078111,tt0080116,tt0805570
nm0000223	Elisabeth Shue	1963	\N	actress,soundtrack,producer	tt0113627,tt0092513,tt0120053,tt0087538
nm0000224	Alicia Silverstone	1976	\N	actress,producer,soundtrack	tt0119086,tt0118688,tt0124298,tt0112697
nm0000225	Christian Slater	1969	\N	actor,producer,soundtrack	tt0102798,tt0108399,tt0124198,tt0115759
nm0000226	Will Smith	1968	\N	producer,actor,soundtrack	tt0480249,tt0116629,tt0098800,tt0119654
nm0000227	Mira Sorvino	1967	\N	actress,producer,soundtrack	tt0120008,tt0113819,tt0120032,tt0364343
nm0000228	Kevin Spacey	1959	\N	actor,producer,soundtrack	tt0114369,tt0169547,tt0119488,tt0114814
nm0000229	Steven Spielberg	1946	\N	producer,writer,director	tt0083866,tt0082971,tt0120815,tt0108052
nm0000230	Sylvester Stallone	1946	\N	actor,writer,producer	tt0084602,tt0075148,tt3076658,tt0089927
nm0000231	Oliver Stone	1946	\N	producer,director,writer	tt0110632,tt0091763,tt0102138,tt0096969
nm0000232	Sharon Stone	1958	\N	actress,producer,soundtrack	tt0108162,tt0114214,tt0112641,tt0103772
nm0000233	Quentin Tarantino	1963	\N	writer,actor,producer	tt0110912,tt0105236,tt7131622,tt3460252
nm0000234	Charlize Theron	1975	\N	producer,actress,soundtrack	tt0340855,tt1735898,tt1392190,tt5610554
nm0000235	Uma Thurman	1970	\N	actress,soundtrack,producer	tt0378194,tt0266697,tt0118688,tt0110912
nm0000236	Jennifer Tilly	1958	\N	actress,soundtrack,writer	tt0109348,tt0387575,tt0144120,tt0115736
nm0000237	John Travolta	1954	\N	actor,soundtrack,producer	tt0113161,tt0077631,tt0076666,tt0110912
nm0000238	Shannon Tweed	1957	\N	actress,producer,miscellaneous	tt0110675,tt0112942,tt0165710,tt0094834
nm0000239	Liv Tyler	1977	\N	actress,soundtrack,producer	tt0120737,tt0482606,tt0120591,tt0167260
nm0000240	Skeet Ulrich	1970	\N	actor,director,producer	tt0117571,tt0115963,tt0409572,tt0913354
nm0000241	Jean-Claude Van Damme	1960	\N	actor,writer,producer	tt0097659,tt1130988,tt0101764,tt0119013
nm0000242	Mark Wahlberg	1971	\N	producer,actor,soundtrack	tt0964517,tt0118749,tt1637725,tt0407887
nm0000243	Denzel Washington	1954	\N	actor,producer,soundtrack	tt0139654,tt0168786,tt2671706,tt1037705
nm0000244	Sigourney Weaver	1949	\N	actress,soundtrack,producer	tt0078748,tt0095243,tt0499549,tt0118583
nm0000245	Robin Williams	1951	2014	actor,soundtrack,writer	tt0077053,tt0093105,tt0119217,tt0107614
nm0000246	Bruce Willis	1955	\N	actor,soundtrack,producer	tt0095016,tt0088571,tt0167404,tt0110912
nm0000247	John Woo	1946	\N	director,producer,writer	tt0092263,tt0119094,tt0104684,tt0425637
nm0000248	Edward D. Wood Jr.	1924	1978	writer,director,actor	tt0045826,tt0067479,tt0052077,tt0047127
nm0000249	James Woods	1947	\N	actor,producer,soundtrack	tt0086541,tt0120877,tt0119282,tt0159097
nm0000250	Renée Zellweger	1969	\N	actress,soundtrack,producer	tt0299658,tt0243155,tt0116695,tt0159365
nm0000251	Timothy Dowling	1973	\N	actor,writer,script_department	tt0181852,tt1596350,tt2120120,tt0430922
nm0000252	Robert Ellis	1892	1974	actor,director,writer	tt0030778,tt0006213,tt0028651,tt0010781
nm0000253	Robert Ellis	1888	1935	art_director,miscellaneous	tt0010965,tt0026454,tt0014515,tt0014083
nm0000254	Isabelle Adjani	1955	\N	actress,soundtrack,producer	tt0090095,tt0082933,tt0094828,tt0079641
nm0000255	Ben Affleck	1972	\N	producer,actor,writer	tt1024648,tt0119217,tt2267998,tt0840361
nm0000256	Jenny Agutter	1952	\N	actress,soundtrack	tt0074812,tt0099253,tt0082010,tt0848228
nm0000257	Alan Alda	1936	\N	actor,miscellaneous,soundtrack	tt0097123,tt0082405,tt7653254,tt0068098
nm0000258	Stephanie Zimbalist	1956	\N	actress,writer	tt2224219,tt0080402,tt0083470,tt0076993
nm0000259	Ginger Lynn	1962	\N	actress,director,writer	tt0395584,tt0134898,tt0210365,tt0125377
nm0000260	Joan Allen	1956	\N	actress,producer,soundtrack	tt3170832,tt0452608,tt0115988,tt0113987
nm0000261	Karen Allen	1951	\N	actress,director,soundtrack	tt0088172,tt0367882,tt0082971,tt0077975
nm0000262	Nancy Allen	1950	\N	actress,soundtrack	tt0100502,tt0093870,tt0080661,tt0107978
nm0000263	Kirstie Alley	1951	\N	actress,producer,writer	tt0084726,tt0114852,tt0097778,tt0157503
nm0000264	Pedro Almodóvar	1949	\N	writer,director,soundtrack	tt0095675,tt0101026,tt0287467,tt1189073
nm0000265	Robert Altman	1925	2006	director,producer,writer	tt0108122,tt0105151,tt0280707,tt0073440
nm0000266	Ursula Andress	1936	\N	actress	tt0055928,tt0061452,tt0082186,tt0060177
nm0000267	Julie Andrews	1935	\N	actress,soundtrack,writer	tt0059742,tt0058331,tt0247638,tt0084865
nm0000268	Ann-Margret	1941	\N	actress,soundtrack	tt0056891,tt0060646,tt0066892,tt0107050
nm0000269	Jean-Jacques Annaud	1943	\N	director,producer,writer	tt0215750,tt0091605,tt2909116,tt0120102
nm0000270	Gabrielle Anwar	1970	\N	actress,producer,soundtrack	tt0108333,tt0114660,tt0105323,tt0810788
nm0000271	Anne Archer	1947	\N	actress,producer,soundtrack	tt0160009,tt0108122,tt0105112,tt0093010
nm0000272	Fanny Ardant	1949	\N	actress,director,writer	tt9172422,tt0283832,tt0127536,tt0086551
nm0000273	Alan Arkin	1934	\N	actor,soundtrack,director	tt0104348,tt1024648,tt0099487,tt0449059
nm0000274	David Arquette	1971	\N	producer,actor,director	tt0120082,tt0134084,tt0151738,tt0271367
nm0000275	Rosanna Arquette	1959	\N	actress,director,producer	tt0089017,tt0088680,tt0110912,tt0190138
nm0000276	Sean Astin	1971	\N	actor,producer,director	tt0120737,tt0089218,tt0167260,tt0167261
nm0000277	Richard Attenborough	1923	2014	actor,producer,director	tt0083987,tt0107290,tt0057115,tt0119567
nm0000278	Pernilla August	1958	\N	actress,director,writer	tt0121765,tt0120915,tt1437366,tt0104350
nm0000279	Hank Azaria	1964	\N	actor,soundtrack,producer	tt0132347,tt0096697,tt0115685,tt1839481
nm0000280	Catherine Bach	1954	\N	actress,soundtrack	tt0119025,tt1414382,tt0078607,tt0072288
nm0000281	Scott Baio	1960	\N	actor,director,producer	tt0367279,tt0281680,tt0070992,tt0270846
nm0000282	Scott Bairstow	1970	\N	actor	tt0120512,tt0283084,tt0182587,tt0119925
nm0000283	Brenda Bakke	1963	\N	actress	tt0114608,tt0107144,tt0114781,tt0119488
nm0000284	Adam Baldwin	1962	\N	actor,soundtrack	tt0187393,tt0093058,tt0116629,tt0379786
nm0000285	Alec Baldwin	1958	\N	actor,producer,soundtrack	tt0104348,tt0318374,tt0407887,tt1230414
nm0000286	Stephen Baldwin	1966	\N	actor,producer,director	tt0114814,tt0486583,tt0115683,tt0158622
nm0000287	William Baldwin	1963	\N	actor,producer,stunts	tt0113010,tt0108162,tt0367089,tt0101393
nm0000288	Christian Bale	1974	\N	actor,editorial_department,producer	tt0144084,tt0372784,tt0964517,tt0468569
nm0000289	Ellen Barkin	1954	\N	actress,producer	tt0116277,tt0157503,tt0086856,tt0092654
nm0000290	John Barry	1933	2011	music_department,soundtrack,composer	tt0081534,tt0089755,tt0099348,tt0093428
nm0000291	Angela Bassett	1958	\N	actress,producer,director	tt2302755,tt0118884,tt0114558,tt1825683
nm0000292	Michelle Bauer	1958	\N	actress,miscellaneous,costume_department	tt0082044,tt0094734,tt0103213,tt0094998
nm0000293	Sean Bean	1959	\N	actor,producer,animation_department	tt1181791,tt0120737,tt0944947,tt0167261
nm0000294	Amanda Bearse	1958	\N	actress,director,producer	tt0092400,tt0247121,tt0089175,tt0338067
nm0000295	Kate Beckinsale	1973	\N	actress,producer,soundtrack	tt0320691,tt0338526,tt0401855,tt0452702
nm0000296	Robert Beltran	1953	\N	actor,soundtrack	tt0085862,tt0087799,tt0113987,tt0112178
nm0000297	Tom Berenger	1949	\N	actor,producer,writer	tt1375666,tt0091763,tt0085244,tt0097815
nm0000298	Candice Bergen	1946	\N	actress,producer,soundtrack	tt0212346,tt0256415,tt0094514,tt0901476
nm0000299	Michael Biehn	1956	\N	actor,producer,director	tt0096754,tt1077258,tt0088247,tt0090605
nm0000300	Juliette Binoche	1964	\N	actress,art_department,miscellaneous	tt0116209,tt0241303,tt1219827,tt2452254
nm0000301	Thora Birch	1982	\N	actress,producer,soundtrack	tt0169547,tt0162346,tt0107120,tt0105112
nm0000302	Jacqueline Bisset	1944	\N	actress,producer,soundtrack	tt0088322,tt0061452,tt0062765,tt0071877
nm0000303	Honor Blackman	1925	2020	actress,soundtrack	tt0054518,tt0243155,tt0057197,tt0058150
nm0000304	Linda Blair	1959	\N	actress,soundtrack,producer	tt0082511,tt0079822,tt0070047,tt0088044
nm0000305	Mel Blanc	1908	1989	actor,soundtrack,music_department	tt0077278,tt0094939,tt0096438,tt0045708
nm0000306	Brian Blessed	1936	\N	actor,soundtrack,director	tt0120915,tt0107616,tt0080745,tt0120855
nm0000307	Helena Bonham Carter	1966	\N	actress,soundtrack,producer	tt1707386,tt0408236,tt0137523,tt1504320
nm0000308	Ernest Borgnine	1917	2012	actor,soundtrack,producer	tt0082340,tt0086662,tt0048356,tt0069113
nm0000309	David Bowie	1947	2016	soundtrack,composer,actor	tt0091369,tt0482571,tt0196229,tt0074851
nm0000310	Bruce Boxleitner	1950	\N	actor,soundtrack,producer	tt0084827,tt1104001,tt0871427,tt0105946
nm0000311	Annie Rosar	1888	1963	actress,soundtrack	tt0034396,tt0041552,tt0052996,tt0034800
nm0000312	Amy Brenneman	1964	\N	actress,producer,writer	tt0866437,tt0113277,tt0209069,tt0116287
nm0000313	Jeff Bridges	1949	\N	actor,soundtrack,producer	tt0118715,tt1403865,tt2582782,tt1263670
nm0000314	Charles Bronson	1921	2003	actor	tt0071402,tt0054047,tt0057115,tt0064116
nm0000315	Louise Brooks	1906	1985	actress,soundtrack	tt0017382,tt0018737,tt0020475,tt0021917
nm0000316	Mel Brooks	1926	\N	actor,writer,soundtrack	tt0094012,tt0395251,tt0071230,tt0082517
nm0000317	Clancy Brown	1959	\N	actor,soundtrack,producer	tt1179056,tt0120201,tt2279373,tt0111161
nm0000318	Tim Burton	1958	\N	producer,miscellaneous,director	tt1142977,tt0121164,tt0099487,tt0408236
nm0000319	Yancy Butler	1970	\N	actress,director,writer	tt1250777,tt0107076,tt1650554,tt0274298
nm0000320	Luis Buñuel	1900	1983	writer,director,actor	tt0068361,tt0075824,tt0056732,tt0061395
nm0000321	Gabriel Byrne	1950	\N	actor,producer,writer	tt0146675,tt0100150,tt0114814,tt7784604
nm0000322	Emmanuelle Béart	1963	\N	actress,soundtrack	tt0283832,tt0189142,tt0113947,tt0117060
nm0000323	Michael Caine	1933	\N	actor,producer,soundtrack	tt0468569,tt0124315,tt0258068,tt0206634
nm0000324	Barbara Carrera	1945	\N	actress,soundtrack	tt0086006,tt0076210,tt0084112,tt0085862
nm0000325	David Caruso	1956	\N	actor,producer	tt0228750,tt0261983,tt0083944,tt0106079
nm0000326	Kim Cattrall	1956	\N	actress,producer,soundtrack	tt1261945,tt0102975,tt0159206,tt1000774
nm0000327	Lacey Chabert	1982	\N	actress,soundtrack,producer	tt0454082,tt0377092,tt0120738,tt0277371
nm0000328	Richard Chamberlain	1934	\N	actor,soundtrack,producer	tt0072308,tt0076299,tt0085101,tt0072824
nm0000329	Jackie Chan	1954	\N	producer,actor,stunts	tt0089374,tt0120812,tt0127357,tt0266915
nm0000330	Stockard Channing	1944	\N	actress,soundtrack,miscellaneous	tt0108149,tt0120791,tt0198021,tt0077631
nm0000331	Chevy Chase	1943	\N	actor,writer,soundtrack	tt0085995,tt0097958,tt0080487,tt0092086
nm0000332	Don Cheadle	1964	\N	actor,producer,soundtrack	tt0395169,tt1540133,tt0375679,tt0181865
nm0000333	Cher	1946	\N	soundtrack,actress,composer	tt0100140,tt1126591,tt0089560,tt0093565
nm0000334	Chow Yun-Fat	1955	\N	actor,writer,soundtrack	tt0473444,tt1098327,tt0190332,tt0120008
nm0000335	Glenn Close	1947	\N	actress,producer,soundtrack	tt3750872,tt2015381,tt0093010,tt0094947
nm0000336	James Coburn	1928	2002	actor,producer,director	tt0056923,tt0057115,tt0054047,tt0118564
nm0000337	Rachael Leigh Cook	1979	\N	actress,producer	tt0331811,tt5659816,tt11100856,tt0160862
nm0000338	Francis Ford Coppola	1939	\N	producer,director,writer	tt0071562,tt0068646,tt0078788,tt0071360
nm0000339	Roger Corman	1926	\N	producer,director,actor	tt0091419,tt0061189,tt0099612,tt0102926
nm0000340	Cindy Crawford	1966	\N	actress,producer,soundtrack	tt0113010,tt1441109,tt0120577,tt0115082
nm0000341	Michael Crichton	1942	2008	writer,producer,director	tt0107290,tt0070909,tt0117998,tt0108757
nm0000342	James Cromwell	1940	\N	actor,producer,soundtrack	tt0120689,tt0144214,tt0117731,tt0119488
nm0000343	David Cronenberg	1943	\N	director,actor,writer	tt0120907,tt0094964,tt0091064,tt0115964
nm0000344	Denise Crosby	1957	\N	actress,producer	tt0120647,tt0097889,tt0104119,tt0098084
nm0000345	Billy Crystal	1948	\N	actor,writer,producer	tt0113097,tt0098635,tt0122933,tt0101587
nm0000346	Macaulay Culkin	1980	\N	actor,director,producer	tt0102492,tt0104431,tt0107034,tt0099785
nm0000347	Tim Curry	1946	\N	actor,soundtrack,producer	tt0112715,tt0088930,tt0099810,tt0073629
nm0000348	Tony Curtis	1925	2010	actor,soundtrack,producer	tt0051036,tt0053291,tt0054331,tt0066701
nm0000349	Joan Cusack	1962	\N	actress,soundtrack,writer	tt0096463,tt0119360,tt0119229,tt1659337
nm0000350	Beverly D'Angelo	1951	\N	actress,soundtrack,producer	tt0120586,tt0120434,tt0097958,tt0085995
nm0000351	Donna D'Errico	1968	\N	actress,director,producer	tt4270458,tt12861508,tt7235466,tt4459134
nm0000352	Vincent D'Onofrio	1959	\N	actor,producer,soundtrack	tt0119654,tt0109707,tt0093058,tt0209958
nm0000353	Willem Dafoe	1955	\N	actor,soundtrack,producer	tt0145487,tt7984734,tt6938828,tt5649144
nm0000354	Matt Damon	1970	\N	producer,actor,soundtrack	tt0134119,tt0119217,tt3659388,tt0407887
nm0000355	Anthony Daniels	1946	\N	actor,producer,writer	tt2488496,tt0080684,tt2527336,tt0076759
nm0000356	Sybil Danning	1952	\N	actress,producer,writer	tt0092546,tt0080421,tt0085672,tt0373883
nm0000357	Lolita Davidovich	1961	\N	actress	tt0102138,tt0096943,tt0329717,tt0092513
nm0000358	Daniel Day-Lewis	1957	\N	actor,music_department,soundtrack	tt0443272,tt0217505,tt0104691,tt0469494
nm0000359	Olivier De Funès	1949	\N	actor,writer,soundtrack	tt0064425,tt0065848,tt0250077,tt0060475
nm0000360	Rebecca De Mornay	1959	\N	actress,soundtrack,producer	tt0086200,tt0396269,tt0104389,tt0089941
nm0000361	Brian De Palma	1940	\N	director,writer,producer	tt0080661,tt0086984,tt0094226,tt0280665
nm0000362	Danny DeVito	1944	\N	actor,producer,director	tt0094142,tt0117008,tt0119488,tt0098621
nm0000363	Loren Dean	1969	\N	actor,soundtrack	tt0120660,tt0186566,tt0098258,tt0112384
nm0000364	Sandra Dee	1942	2005	actress,soundtrack	tt0056093,tt0052918,tt0052847,tt0053320
nm0000365	Julie Delpy	1969	\N	actress,writer,director	tt0112471,tt0841044,tt0111507,tt0381681
nm0000366	Catherine Deneuve	1943	\N	actress,soundtrack,producer	tt0059646,tt0061395,tt0283832,tt0168629
nm0000367	Gérard Depardieu	1948	\N	actor,producer,soundtrack	tt0099699,tt0099334,tt0103594,tt0120744
nm0000368	Laura Dern	1967	\N	actress,producer,writer	tt0107290,tt7653254,tt0090756,tt2305051
nm0000369	Matt Dillon	1964	\N	actor,art_department,director	tt0129387,tt4003440,tt0097240,tt0375679
nm0000370	Walt Disney	1901	1966	producer,actor,director	tt0029583,tt0058331,tt0048280,tt0034492
nm0000371	Ami Dolenz	1969	\N	actress,producer,miscellaneous	tt0056758,tt0086765,tt0092718,tt0110913
nm0000372	Amanda Donohoe	1962	\N	actress,producer	tt0110428,tt0095488,tt0119528,tt0090466
nm0000373	Michael Dorn	1952	\N	actor,director,soundtrack	tt0117731,tt0120844,tt0111280,tt0253754
nm0000374	Brad Dourif	1950	\N	actor	tt0087182,tt0167261,tt0095647,tt0073486
nm0000375	Robert Downey Jr.	1965	\N	actor,producer,soundtrack	tt0988045,tt4154796,tt1300854,tt0371746
nm0000376	Fran Drescher	1957	\N	writer,actress,producer	tt0118691,tt0106080,tt0837562,tt0098546
nm0000377	Richard Dreyfuss	1947	\N	actor,producer,soundtrack	tt0069704,tt0076095,tt0075860,tt0073195
nm0000378	Minnie Driver	1970	\N	actress,soundtrack,producer	tt0112679,tt0119217,tt0496343,tt5592146
nm0000379	Kirsten Dunst	1982	\N	actress,producer,soundtrack	tt1527186,tt0110148,tt0145487,tt0110367
nm0000380	Robert Duvall	1931	\N	actor,producer,soundtrack	tt0086423,tt0068646,tt0118632,tt0078788
nm0000381	Anthony Edwards	1962	\N	actor,producer,director	tt0443706,tt0088000,tt0092099,tt0108757
nm0000382	Atom Egoyan	1960	\N	director,writer,producer	tt2326612,tt1352824,tt0120255,tt0273435
nm0000383	Jennifer Ehle	1969	\N	actress	tt4919484,tt0112130,tt1790885,tt2392830
nm0000384	Danny Elfman	1953	\N	music_department,soundtrack,composer	tt0107688,tt0367594,tt0121164,tt0119654
nm0000385	Sam Elliott	1944	\N	actor,producer,soundtrack	tt5655222,tt1517451,tt0098206,tt0118715
nm0000386	Roland Emmerich	1955	\N	writer,producer,director	tt0319262,tt0116629,tt1628841,tt0120685
nm0000387	Robert Englund	1947	\N	actor,miscellaneous,director	tt0093629,tt0329101,tt0095742,tt0087800
nm0000388	R. Lee Ermey	1944	2018	actor,miscellaneous,producer	tt0324216,tt0114369,tt0095647,tt0093058
nm0000389	Emilio Estevez	1962	\N	actor,director,producer	tt0308055,tt0100994,tt1441912,tt3294746
nm0000390	Joe Eszterhas	1944	\N	writer,producer,miscellaneous	tt0118577,tt0108162,tt0114436,tt0103772
nm0000391	Rupert Everett	1959	\N	actor,soundtrack,producer	tt0109592,tt0119738,tt2404639,tt0122541
nm0000392	Morgan Fairchild	1950	\N	actress,soundtrack,producer	tt0108778,tt0084652,tt1754944,tt0081858
nm0000393	Peter Falk	1927	2011	actor,producer,soundtrack	tt0281322,tt0074937,tt0093779,tt1466074
nm0000394	Chris Farley	1964	1997	actor,soundtrack,stunts	tt0114694,tt0118708,tt0106598,tt0115697
nm0000395	Terry Farrell	1963	\N	actress	tt0104409,tt0174378,tt0090685,tt0106145
nm0000396	Farrah Fawcett	1947	2009	actress,producer,soundtrack	tt0073972,tt0082136,tt0079285,tt0074812
nm0000397	Corey Feldman	1971	\N	actor,producer,soundtrack	tt0093437,tt0092005,tt0087298,tt0089218
nm0000398	Sally Field	1946	\N	actress,producer,soundtrack	tt0443272,tt0109830,tt0098384,tt0076729
nm0000399	David Fincher	1962	\N	producer,director,actor	tt0443706,tt0114369,tt1285016,tt2267998
nm0000400	Linda Fiorentino	1958	\N	actress,soundtrack	tt0088680,tt0110308,tt0120655,tt0119654
nm0000401	Laurence Fishburne	1961	\N	actor,producer,writer	tt0234215,tt0242653,tt0327056,tt0133093
nm0000402	Carrie Fisher	1956	2016	actress,miscellaneous,soundtrack	tt0080684,tt0086190,tt2527336,tt0076759
nm0000403	Bridget Fonda	1964	\N	actress,soundtrack	tt0120324,tt0139414,tt0105414,tt0107843
nm0000404	Jane Fonda	1937	\N	actress,producer,soundtrack	tt0062711,tt3312830,tt0369735,tt0067309
nm0000405	Michelle Forbes	1965	\N	actress	tt1951266,tt0844441,tt0107302,tt0116225
nm0000406	John Ford	1894	1973	director,producer,writer	tt0032551,tt0031971,tt0056217,tt0045061
nm0000407	Vivica A. Fox	1964	\N	actress,producer,soundtrack	tt0373474,tt0266697,tt0118688,tt0116629
nm0000408	Jonathan Frakes	1952	\N	actor,director,producer	tt0120844,tt0117731,tt0111280,tt0253754
nm0000409	Brendan Fraser	1968	\N	actor,producer,soundtrack	tt0375679,tt0119190,tt0120616,tt0209163
nm0000410	Stephen Fry	1957	\N	actor,writer,producer	tt0371724,tt0120514,tt0280707,tt0434409
nm0000411	Edward Furlong	1977	\N	actor,producer,soundtrack	tt0103064,tt0990407,tt0120586,tt0165710
nm0000412	Andy Garcia	1956	\N	actor,producer,soundtrack	tt0240772,tt0343996,tt0099674,tt0349903
nm0000413	Janeane Garofalo	1964	\N	actress,writer,producer	tt0243655,tt0132347,tt0382932,tt0117979
nm0000414	Teri Garr	1947	\N	actress,soundtrack	tt0072431,tt0088680,tt0075860,tt0084805
nm0000415	Jami Gertz	1965	\N	actress,producer,executive	tt0117998,tt0320970,tt0093437,tt0088128
nm0000416	Terry Gilliam	1940	\N	writer,actor,animation_department	tt0088846,tt0071853,tt0085959,tt1054606
nm0000417	Crispin Glover	1964	\N	actor,soundtrack,producer	tt0310357,tt0088763,tt0091860,tt1729632
nm0000418	Danny Glover	1946	\N	actor,producer,director	tt1190080,tt0093409,tt0122151,tt0104714
nm0000419	Jean-Luc Godard	1930	\N	director,writer,editor	tt0053472,tt0056663,tt0057345,tt0059592
nm0000420	Valeria Golino	1965	\N	actress,producer,soundtrack	tt0095953,tt8613070,tt0107144,tt0102059
nm0000421	Cuba Gooding Jr.	1968	\N	actor,soundtrack,producer	tt0203019,tt0316465,tt0116695,tt0114069
nm0000422	John Goodman	1952	\N	actor,soundtrack,producer	tt1024648,tt0101410,tt1179933,tt1907668
nm0000423	Serena Grandi	1958	\N	actress	tt0089598,tt2358891,tt0104123,tt0089271
nm0000424	Hugh Grant	1960	\N	actor,soundtrack	tt0125439,tt0314331,tt0276751,tt0109831
nm0000425	Peter Greenaway	1942	\N	director,writer,editor	tt1702429,tt0097108,tt0446750,tt0092929
nm0000426	Jennifer Grey	1960	\N	actress,soundtrack	tt0091042,tt2013293,tt0087985,tt0092890
nm0000427	Pam Grier	1949	\N	actress,soundtrack,writer	tt0228333,tt0119396,tt0069897,tt0116996
nm0000428	D.W. Griffith	1875	1948	director,writer,producer	tt0004972,tt0010484,tt0006864,tt0009559
nm0000429	Melanie Griffith	1957	\N	actress,producer	tt0091983,tt0096463,tt0119558,tt0086984
nm0000430	Steve Guttenberg	1958	\N	actor,producer,soundtrack	tt0091949,tt0094137,tt0087928,tt0089822
nm0000431	Taylor Hackford	1944	\N	producer,director,writer	tt0109642,tt0084434,tt0106469,tt0350258
nm0000432	Gene Hackman	1930	\N	actor,soundtrack,producer	tt0071360,tt0067116,tt0105695,tt0265666
nm0000433	Corey Haim	1971	2010	actor,producer,soundtrack	tt0090021,tt0095519,tt0091445,tt0093437
nm0000434	Mark Hamill	1951	\N	actor,soundtrack,producer	tt0076759,tt0080684,tt2527336,tt0086190
nm0000435	Daryl Hannah	1960	\N	actress,producer,director	tt0378194,tt0094291,tt0088161,tt0266697
nm0000436	Curtis Hanson	1945	2016	director,producer,writer	tt0104389,tt0388125,tt0298203,tt0119488
nm0000437	Woody Harrelson	1961	\N	actor,producer,soundtrack	tt1156398,tt2356777,tt0117318,tt0110632
nm0000438	Ed Harris	1950	\N	actor,producer,director	tt0183659,tt0120382,tt0800308,tt0112384
nm0000439	Neil Patrick Harris	1973	\N	actor,soundtrack,producer	tt2267998,tt0120201,tt4834206,tt0460649
nm0000440	Nina Hartley	1959	\N	actress,director,producer	tt0118749,tt0126098,tt0189990,tt1282224
nm0000441	Noah Hathaway	1971	\N	actor,miscellaneous	tt0092115,tt0088323,tt0076984,tt0077215
nm0000442	Rutger Hauer	1944	2019	actor,producer,director	tt0401792,tt0091209,tt0083658,tt1640459
nm0000443	Goldie Hawn	1945	\N	actress,producer,soundtrack	tt0116313,tt0116242,tt0081375,tt0093693
nm0000444	Glenne Headly	1955	2017	actress	tt0095031,tt2229499,tt0113862,tt0099422
nm0000445	Dan Hedaya	1940	\N	actor,soundtrack	tt0114814,tt0086979,tt0112697,tt0166924
nm0000446	Mariel Hemingway	1961	\N	actress,producer,soundtrack	tt0094074,tt0208874,tt0159730,tt0079522
nm0000447	Marilu Henner	1952	\N	actress,miscellaneous,producer	tt0077089,tt0087507,tt0105017,tt0102250
nm0000448	Lance Henriksen	1940	\N	actor,producer,miscellaneous	tt0090605,tt0107076,tt0114214,tt0370263
nm0000449	Natasha Henstridge	1974	\N	actress,producer,soundtrack	tt0120841,tt0190138,tt0114508,tt0228333
nm0000450	Philip Seymour Hoffman	1967	2014	actor,producer,soundtrack	tt0292963,tt1560747,tt0379725,tt0472062
nm0000451	Gaby Hoffmann	1982	\N	actress,soundtrack,director	tt0114011,tt0097351,tt0116242,tt0098554
nm0000452	Lauren Holly	1963	\N	actress,producer	tt0106770,tt0103512,tt0109686,tt0207201
nm0000453	Ian Holm	1931	2020	actor,soundtrack,animation_department	tt0088846,tt0120681,tt0120737,tt0167260
nm0000454	Dennis Hopper	1936	2010	actor,director,writer	tt0111257,tt0064276,tt0114898,tt0090756
nm0000455	John Hughes	1950	2009	writer,producer,director	tt0090305,tt0091042,tt0093748,tt0098554
nm0000456	Holly Hunter	1958	\N	actress,producer,soundtrack	tt3606756,tt0328538,tt0107822,tt0092699
nm0000457	John Hurt	1940	2017	actor,soundtrack	tt1340800,tt0077928,tt0078748,tt0087803
nm0000458	William Hurt	1950	\N	actor,producer	tt0120738,tt0080360,tt0399146,tt0092699
nm0000459	Timothy Hutton	1960	\N	actor,producer,director	tt1103987,tt0081283,tt0343737,tt0113117
nm0000460	Jeremy Irons	1948	\N	actor,soundtrack,producer	tt0094964,tt2094766,tt0110357,tt2975590
nm0000461	Michael Ironside	1950	\N	actor,producer,writer	tt0081455,tt0092099,tt0100802,tt0120201
nm0000462	Kate Jackson	1948	\N	actress,producer,director	tt0084293,tt0085088,tt0073972,tt0059978
nm0000463	Famke Janssen	1964	\N	actress,writer,director	tt0376994,tt0185371,tt0113189,tt0120903
nm0000464	Jim Jarmusch	1953	\N	director,writer,actor	tt1714915,tt5247022,tt0412019,tt0088184
nm0000465	Ron Jeremy	1953	\N	actor,director,writer	tt0120577,tt0124819,tt0144117,tt0165710
nm0000466	Jean-Pierre Jeunet	1953	\N	director,writer,producer	tt1149361,tt0344510,tt0211915,tt0101700
nm0000467	Don Johnson	1949	\N	actor,producer,soundtrack	tt0072730,tt8946378,tt1853728,tt0086759
nm0000468	Lynn-Holly Johnson	1958	\N	actress,director	tt0082398,tt0088395,tt0081738,tt0077716
nm0000469	James Earl Jones	1931	\N	actor,soundtrack	tt0086190,tt3748528,tt0099810,tt6105098
nm0000470	Jeffrey Jones	1946	\N	actor,soundtrack	tt0091225,tt0109707,tt0086879,tt0091042
nm0000471	Raul Julia	1940	1994	actor,soundtrack	tt0101272,tt0111301,tt0106220,tt0100404
nm0000472	Boris Karloff	1887	1969	actor,soundtrack	tt0032258,tt0024894,tt0023245,tt0026138
nm0000473	Diane Keaton	1946	\N	actress,producer,soundtrack	tt0356680,tt0073312,tt0337741,tt0075686
nm0000474	Michael Keaton	1951	\N	actor,producer,soundtrack	tt4276820,tt0096895,tt1895587,tt2562232
nm0000475	Patsy Kensit	1968	\N	actress,soundtrack	tt0068069,tt0079268,tt0097733,tt0090585
nm0000476	Sally Kirkland	1941	\N	actress,producer,miscellaneous	tt0102138,tt0092569,tt7525642,tt3216866
nm0000477	Mia Kirshner	1975	\N	actress	tt0387877,tt3520702,tt0330251
nm0000478	Tawny Kitaen	1961	2021	actress,producer	tt2797190,tt0111999,tt0086927,tt0087903
nm0000479	Walter Koenig	1936	\N	actor,writer,producer	tt0060028,tt0084726,tt0092007,tt0102975
nm0000480	Elias Koteas	1961	\N	actor,producer	tt0100758,tt0120863,tt0114194,tt0822854
nm0000481	Alice Krige	1954	\N	actress,producer,writer	tt1981115,tt9086228,tt0105428,tt0117731
nm0000482	Sylvia Kristel	1952	2012	actress,soundtrack,director	tt0081249,tt0077497,tt0071464,tt0078740
nm0000483	Christopher Lambert	1957	\N	actor,producer,writer	tt0113855,tt0120604,tt0090095,tt0091203
nm0000484	John Landis	1950	\N	producer,director,actor	tt0118747,tt0080455,tt0086491,tt0067716
nm0000485	Fritz Lang	1890	1976	director,writer,producer	tt0017136,tt0019415,tt0022100,tt0057345
nm0000486	Heather Langenkamp	1964	\N	actress,special_effects,make_up_department	tt0111686,tt0087800,tt0094490,tt13444912
nm0000487	Ang Lee	1954	\N	director,producer,writer	tt0454876,tt0190332,tt0388795,tt0808357
nm0000488	Brandon Lee	1965	1993	actor,miscellaneous	tt0109506,tt0099978,tt0102915,tt0105219
nm0000489	Christopher Lee	1922	2015	actor,soundtrack,producer	tt0120737,tt0121765,tt0167261,tt0070917
nm0000490	Spike Lee	1957	\N	director,producer,writer	tt0091939,tt0097216,tt0104797,tt9777644
nm0000491	John Leguizamo	1964	\N	actor,writer,producer	tt0119887,tt0120177,tt0203009,tt0117509
nm0000492	Jennifer Jason Leigh	1962	\N	actress,producer,soundtrack	tt0105414,tt0108122,tt3460252,tt0109642
nm0000493	Jack Lemmon	1925	2001	actor,soundtrack,producer	tt0053604,tt0053291,tt0107050,tt0104348
nm0000494	Robert Sean Leonard	1969	\N	actor,soundtrack	tt0412142,tt0107616,tt0097165,tt0108265
nm0000495	Téa Leoni	1966	\N	actress,producer	tt0120647,tt0163025,tt0371246,tt0218967
nm0000496	Juliette Lewis	1973	\N	actress,soundtrack,director	tt0110632,tt0101540,tt1322269,tt0116367
nm0000497	Jennifer Lien	1974	\N	actress,producer,miscellaneous	tt0106100,tt0133189,tt0120586,tt0112178
nm0000498	Matthew Lillard	1970	\N	actor,producer,soundtrack	tt1033575,tt0267913,tt0133189,tt0331632
nm0000499	Bai Ling	1966	\N	actress,producer,writer	tt0109506,tt0119994,tt0405336,tt1121931
nm0000500	Richard Linklater	1960	\N	producer,director,writer	tt0405296,tt2209418,tt1065073,tt0243017
nm0000501	Ray Liotta	1954	\N	actor,producer,soundtrack	tt0091983,tt0099685,tt0272207,tt0365686
nm0000502	Christopher Lloyd	1938	\N	actor,soundtrack	tt0106220,tt0096438,tt0088763,tt0088930
nm0000503	Emily Lloyd	1970	\N	actress	tt0120490,tt0310952,tt0105265,tt0094331
nm0000504	Amy Locane	1971	\N	actress,soundtrack	tt0105327,tt0099329,tt0103491,tt0274812
nm0000505	Nia Long	1970	\N	actress,soundtrack,director	tt0208003,tt0181984,tt0168501,tt2083355
nm0000506	Julia Louis-Dreyfus	1961	\N	actress,producer,soundtrack	tt2390361,tt0098904,tt0462128,tt1759761
nm0000507	Rob Lowe	1964	\N	actor,producer,soundtrack	tt0105793,tt0086066,tt0145660,tt0090060
nm0000508	Carey Lowell	1961	\N	actress	tt0113627,tt0098844,tt0108160,tt0097742
nm0000509	Bela Lugosi	1882	1956	actor,costume_department,soundtrack	tt0024894,tt0021814,tt0024188,tt0045826
nm0000510	Andie MacDowell	1958	\N	actress,producer,soundtrack	tt0102070,tt0098724,tt0109831,tt0107048
nm0000511	Shirley MacLaine	1934	\N	actress,soundtrack,writer	tt0048750,tt0098384,tt0086425,tt0053604
nm0000512	Elle Macpherson	1964	\N	producer,actress	tt0111201,tt0119051,tt0118688,tt0117057
nm0000513	William H. Macy	1950	\N	actor,writer,soundtrack	tt0118749,tt0116282,tt1586680,tt0175880
nm0000514	Michael Madsen	1957	\N	actor,producer,writer	tt0266697,tt0114508,tt0105236,tt3460252
nm0000515	Virginia Madsen	1961	\N	actress,producer,soundtrack	tt0103919,tt0375063,tt0087182,tt0114194
nm0000516	Lee Majors	1939	\N	actor,music_department,producer	tt0096061,tt0071054,tt0081859,tt0058791
nm0000517	Terrence Malick	1943	\N	producer,writer,director	tt0120863,tt0069762,tt0478304,tt0077405
nm0000518	John Malkovich	1953	\N	actor,producer,writer	tt0094947,tt0107206,tt1245526,tt0120601
nm0000519	David Mamet	1947	\N	writer,producer,director	tt0093223,tt0104348,tt0120202,tt0120885
nm0000520	Michael Mann	1943	\N	producer,writer,director	tt0369339,tt0091474,tt0104691,tt0140352
nm0000521	Sophie Marceau	1966	\N	actress,director,writer	tt0143145,tt0112573,tt0082100,tt1194616
nm0000522	Vanessa Marcil	1968	\N	actress	tt0364828,tt0098749,tt0056758,tt0117500
nm0000523	Julianna Margulies	1966	\N	actress,producer,soundtrack	tt1174730,tt0108757,tt0288477,tt0417148
nm0000524	Mary Stuart Masterson	1966	\N	actress,producer,director	tt0094006,tt0106387,tt0073747,tt0101921
nm0000525	Heather Matarazzo	1982	\N	actress,director,producer	tt0247638,tt0120577,tt0498353,tt0114906
nm0000526	Samantha Mathis	1970	\N	actress,executive,soundtrack	tt0100436,tt0115759,tt0144084,tt0108255
nm0000527	Walter Matthau	1920	2000	actor,soundtrack,director	tt0072251,tt0063374,tt0060424,tt0056923
nm0000528	Mathilda May	1965	\N	actress,miscellaneous,soundtrack	tt0119395,tt0092797,tt0089489,tt0102130
nm0000529	Debi Mazar	1964	\N	actress,make_up_department,producer	tt0106375,tt1674771,tt0140352,tt0112950
nm0000530	Andrew McCarthy	1962	\N	actor,director,producer	tt2372162,tt0098627,tt2741602,tt0091790
nm0000531	Frances McDormand	1957	\N	actress,producer,soundtrack	tt5027774,tt1748122,tt0181875,tt0116282
nm0000532	Malcolm McDowell	1943	\N	actor,producer,soundtrack	tt0080025,tt0111280,tt0373883,tt0066921
nm0000533	Gates McFadden	1949	\N	actress,miscellaneous,director	tt0120844,tt0253754,tt0117731,tt0111280
nm0000534	Kelly McGillis	1957	\N	actress,producer,soundtrack	tt1464580,tt0094608,tt0092099,tt0090329
nm0000535	Rose McGowan	1973	\N	actress,soundtrack,producer	tt0155776,tt0158552,tt1077258,tt0462322
nm0000536	Robert Duncan McNeill	1964	\N	actor,producer,director	tt8690918,tt0387054,tt0112178,tt0093507
nm0000537	Steve McQueen	1930	1980	actor,producer,soundtrack	tt0057115,tt0062765,tt0068638,tt0070511
nm0000538	Colm Meaney	1953	\N	actor,producer,soundtrack	tt0105690,tt0106145,tt0118880,tt0375912
nm0000539	Dina Meyer	1968	\N	actress,producer	tt0253754,tt0113481,tt0387564,tt0120201
nm0000540	Russ Meyer	1922	2004	director,cinematographer,producer	tt0054859,tt0078846,tt0059170,tt0075376
nm0000541	Bette Midler	1945	\N	soundtrack,actress,producer	tt0091877,tt0094715,tt0107120,tt0116313
nm0000542	Penelope Ann Miller	1964	\N	actress,soundtrack	tt0120004,tt0099615,tt1655442,tt0106519
nm0000543	Sal Mineo	1939	1976	actor,soundtrack,music_department	tt0067065,tt0049261,tt0048545,tt0053804
nm0000544	Carmen Miranda	1909	1955	soundtrack,actress,miscellaneous	tt0035916,tt0039277,tt0037295,tt0036881
nm0000545	Helen Mirren	1945	\N	actress,director,producer	tt0280707,tt0975645,tt0436697,tt1245526
nm0000546	Matthew Modine	1959	\N	actor,producer,director	tt0093058,tt0112760,tt2932536,tt1345836
nm0000547	Alfred Molina	1953	\N	actor,producer,soundtrack	tt0175880,tt0316654,tt0118749,tt0120679
nm0000548	Elizabeth Montgomery	1933	1995	actress,soundtrack,miscellaneous	tt0071868,tt0073273,tt0076981,tt0057733
nm0000549	Roger Moore	1927	2017	actor,miscellaneous,producer	tt0079574,tt0070328,tt0076752,tt0090264
nm0000550	Kate Mulgrew	1955	\N	actress,script_department,soundtrack	tt0112178,tt0253754,tt0089901,tt2372162
nm0000551	Dermot Mulroney	1963	\N	actor,soundtrack,music_department	tt0356680,tt1322269,tt0096487,tt0119738
nm0000552	Eddie Murphy	1961	\N	actor,writer,producer	tt0126029,tt0443489,tt0117218,tt0094898
nm0000553	Liam Neeson	1952	\N	actor,soundtrack,producer	tt0362269,tt1601913,tt0429493,tt0108052
nm0000554	Sam Neill	1947	\N	actor,producer,director	tt0107290,tt4698684,tt0107822,tt0163025
nm0000555	Judd Nelson	1959	\N	actor,writer,producer	tt0092106,tt0088847,tt0090060,tt0102526
nm0000556	Olivia Newton-John	1948	\N	soundtrack,actress,music_department	tt0086494,tt0119094,tt0077631,tt0081777
nm0000557	Brigitte Nielsen	1963	\N	actress,soundtrack,producer	tt5073058,tt0089893,tt0092644
nm0000558	Leslie Nielsen	1926	2010	actor,producer,soundtrack	tt0095705,tt0102510,tt0069113,tt0080339
nm0000559	Leonard Nimoy	1931	2015	actor,director,producer	tt0796366,tt0088170,tt0102975,tt0092007
nm0000560	Nick Nolte	1941	\N	actor,producer	tt0120863,tt0102713,tt1291584,tt0118564
nm0000561	Peter North	1957	\N	actor,director,producer	tt0378461,tt0090939,tt0183057,tt0160323
nm0000562	Jeremy Northam	1961	\N	actor,soundtrack	tt0116191,tt0155388,tt0284978,tt0280707
nm0000563	Chris O'Donnell	1970	\N	actor,producer,director	tt0108333,tt0190865,tt0118688,tt0105323
nm0000564	Peter O'Toole	1932	2013	actor,soundtrack,producer	tt0081568,tt0063227,tt0332452,tt0056172
nm0000565	Lena Olin	1955	\N	actress	tt0285333,tt0107983,tt0096332,tt0241303
nm0000566	Julia Ormond	1965	\N	actress,producer	tt0421715,tt1655420,tt0114319,tt0110322
nm0000567	George Orwell	1903	1950	writer	tt2467700,tt0498637,tt0087803,tt0048918
nm0000568	Frank Oz	1944	\N	actor,miscellaneous,soundtrack	tt0121765,tt0087755,tt0074028,tt0063951
nm0000569	Gwyneth Paltrow	1972	\N	actress,soundtrack,producer	tt0371746,tt1300854,tt0120148,tt0138097
nm0000570	Alan Parker	1944	2020	director,writer,soundtrack	tt0077928,tt0101605,tt0116250,tt0095647
nm0000571	Mary-Louise Parker	1964	\N	actress,soundtrack,miscellaneous	tt1821694,tt0439100,tt0790736,tt1245526
nm0000572	Sarah Jessica Parker	1965	\N	actress,producer,miscellaneous	tt0159206,tt1261945,tt0356680,tt1000774
nm0000573	Dolly Parton	1946	\N	soundtrack,music_department,actress	tt0092342,tt0162822,tt0080319,tt0073984
nm0000574	Jason Patric	1966	\N	actor,producer	tt0093437,tt0480255,tt0120179,tt0117665
nm0000575	Alexandra Paul	1963	\N	actress,producer,writer	tt0096542,tt0106689,tt0092925,tt0085333
nm0000576	Sean Penn	1960	\N	actor,director,producer	tt0315733,tt0112818,tt1013753,tt0327056
nm0000577	George Peppard	1928	1994	actor,assistant_director,soundtrack	tt0057917,tt0068663,tt0060177,tt0054698
nm0000578	Anthony Perkins	1932	1992	actor,soundtrack,director	tt0091799,tt0054215,tt0086154,tt0071877
nm0000579	Ron Perlman	1950	\N	actor,producer,soundtrack	tt0092319,tt0411477,tt3973768,tt0167190
nm0000580	Luke Perry	1966	2019	actor,producer,soundtrack	tt7131622,tt0098749,tt0103893,tt0119116
nm0000581	Joseph L. Mankiewicz	1909	1993	writer,producer,director	tt0069281,tt0041587,tt0042192,tt0056937
nm0000582	Joe Pesci	1943	\N	actor,soundtrack	tt1302006,tt0104952,tt0099685,tt0081398
nm0000583	Wolfgang Petersen	1941	\N	director,writer,producer	tt0089092,tt0118571,tt0114069,tt0082096
nm0000584	Amanda Peterson	1971	2015	actress	tt0089114,tt0092718,tt0083564,tt0092488
nm0000585	Robert Picardo	1953	\N	actor,soundtrack,writer	tt0112178,tt0094433,tt0117731,tt0093260
nm0000586	Jada Pinkett Smith	1971	\N	producer,actress,writer	tt0242653,tt0234215,tt0120082,tt0369339
nm0000587	Donald Pleasence	1919	1995	actor,writer,soundtrack	tt0057115,tt0077651,tt0082495,tt0062512
nm0000588	Martha Plimpton	1970	\N	actress,soundtrack,writer	tt0098067,tt0115639,tt0089218,tt0091557
nm0000589	Eve Plumb	1958	\N	actress,soundtrack,producer	tt2359024,tt1595859,tt5037914,tt9278110
nm0000590	Edgar Allan Poe	1809	1849	writer,soundtrack,miscellaneous	tt1772264,tt8646426,tt1663656,tt0379889
nm0000591	Roman Polanski	1933	\N	director,actor,writer	tt1692486,tt0071315,tt1139328,tt0074811
nm0000592	Pete Postlethwaite	1946	2011	actor,producer	tt0119567,tt0840361,tt0114814,tt1375666
nm0000593	Kelly Preston	1962	2020	actress,soundtrack	tt0116695,tt0185183,tt0286788,tt0126916
nm0000594	Jason Priestley	1969	\N	actor,producer,director	tt2334593,tt1558182,tt0098749,tt5722298
nm0000595	Victoria Principal	1950	\N	actress,producer,executive	tt0077000,tt0075393,tt0068853,tt0071455
nm0000596	Jonathan Pryce	1947	\N	actor,soundtrack,producer	tt0104348,tt8404614,tt3750872,tt0120347
nm0000597	Bill Pullman	1953	\N	actor,director,soundtrack	tt0116629,tt1628841,tt0094012,tt0139414
nm0000598	Dennis Quaid	1954	\N	actor,producer,soundtrack	tt0385267,tt0319262,tt0186151,tt0297884
nm0000599	Kathleen Quinlan	1954	\N	actress,producer,director	tt0118771,tt0112384,tt0454841,tt0101761
nm0000600	Sam Raimi	1959	\N	producer,writer,director	tt0083907,tt0145487,tt0099365,tt0106308
nm0000601	Harold Ramis	1944	2014	writer,actor,producer	tt0107048,tt0083131,tt0087332,tt0478311
nm0000602	Robert Redford	1936	\N	producer,actor,director	tt0087781,tt0081283,tt0074119,tt0064115
nm0000603	Vanessa Redgrave	1937	\N	actress,soundtrack,producer	tt1372686,tt0104454,tt0892318,tt0783233
nm0000604	John C. Reilly	1965	\N	actor,writer,producer	tt2015381,tt0841046,tt0299658,tt0118749
nm0000605	Brad Renfro	1982	2008	actor,soundtrack,writer	tt0112757,tt0109446,tt0117665,tt0118636
nm0000606	Jean Reno	1948	\N	actor	tt0383216,tt0122690,tt0110413,tt0095250
nm0000607	Paul Reubens	1952	\N	actor,writer,soundtrack	tt0090500,tt0094744,tt0089791,tt0251640
nm0000608	Burt Reynolds	1936	2018	actor,director,producer	tt0076729,tt0117765,tt0118749,tt0068473
nm0000609	Ving Rhames	1959	\N	actor,producer,writer	tt0120755,tt2381249,tt0317919,tt0110912
nm0000610	Giovanni Ribisi	1974	\N	actor,producer,cinematographer	tt0377062,tt0499549,tt0346156,tt0181984
nm0000611	Ariana Richards	1979	\N	actress	tt0100814,tt0119567,tt0259685,tt0107290
nm0000612	Denise Richards	1971	\N	actress,producer,soundtrack	tt0120201,tt0120890,tt0143145,tt0314331
nm0000613	Joely Richardson	1965	\N	actress,producer,soundtrack	tt0187393,tt0361217,tt0119081,tt0115433
nm0000614	Alan Rickman	1946	2016	actor,soundtrack,writer	tt0095016,tt1201607,tt0177789,tt0102798
nm0000615	John Ritter	1948	2003	actor,producer,soundtrack	tt0117666,tt0307987,tt0075596,tt0100419
nm0000616	Eric Roberts	1956	\N	actor,producer,soundtrack	tt1791528,tt1320253,tt0468569,tt0089941
nm0000617	Tanya Roberts	1949	2021	actress,producer	tt0088103,tt0165598,tt0090264,tt0083630
nm0000618	Isabella Rossellini	1952	\N	actress,director,writer	tt0106881,tt0090756,tt2316411,tt0104070
nm0000619	Tim Roth	1961	\N	actor,producer,soundtrack	tt0114287,tt0110912,tt3460252,tt0133152
nm0000620	Mickey Rourke	1952	\N	actor,writer,producer	tt0401792,tt1125849,tt1228705,tt0092563
nm0000621	Kurt Russell	1951	\N	actor,producer,writer	tt0116253,tt3460252,tt0116225,tt3896198
nm0000622	Theresa Russell	1957	\N	actress,soundtrack,miscellaneous	tt0120890,tt0413300,tt0080408,tt0098093
nm0000623	Rene Russo	1954	\N	actress,producer	tt0122151,tt0155267,tt0117438,tt2872718
nm0000624	Laura San Giacomo	1962	\N	actress	tt0098724,tt0102744,tt0118364,tt0100405
nm0000625	Fred Savage	1976	\N	actor,director,producer	tt0093779,tt0090768,tt0295178,tt0094582
nm0000626	John Sayles	1950	\N	writer,actor,director	tt0119657,tt0095082,tt0116905,tt0087004
nm0000627	Greta Scacchi	1960	\N	actress	tt0116191,tt0117442,tt0105151,tt0217629
nm0000628	Johnathon Schaech	1969	\N	actor,writer,producer	tt0159276,tt11695190,tt0926129,tt0117887
nm0000629	Claudia Schiffer	1970	\N	actress,producer	tt2802144,tt0196229,tt0110989,tt0314331
nm0000630	Liev Schreiber	1967	\N	actor,producer,miscellaneous	tt1895587,tt0368008,tt0404030,tt0458525
nm0000631	Ridley Scott	1937	\N	producer,director,production_designer	tt0083658,tt0172495,tt0103074,tt3659388
nm0000632	Jerry Seinfeld	1954	\N	writer,producer,actor	tt12117854,tt0389790,tt2314952,tt0098904
nm0000633	Tom Selleck	1945	\N	actor,producer,writer	tt0094137,tt0080240,tt1595859,tt0119360
nm0000634	Peter Sellers	1925	1980	actor,writer,soundtrack	tt0072081,tt0078841,tt0075066,tt0057012
nm0000635	Yahoo Serious	1953	\N	director,actor,writer	tt6893696,tt0156807,tt0107930,tt0096486
nm0000636	William Shakespeare	1564	1616	writer,soundtrack,miscellaneous	tt5377528,tt14297038,tt8632012,tt3894536
nm0000637	Tupac Shakur	1971	1996	soundtrack,actor,composer	tt0104573,tt0109035,tt0107840,tt0118900
nm0000638	William Shatner	1931	\N	actor,producer,writer	tt0098382,tt0088170,tt0079945,tt0084726
nm0000639	Ally Sheedy	1962	\N	actress,producer,soundtrack	tt0086567,tt0139362,tt0091949,tt0088847
nm0000640	Martin Sheen	1940	\N	actor,producer,soundtrack	tt0069762,tt0078788,tt0407887,tt1441912
nm0000641	Gary Sinise	1955	\N	actor,producer,director	tt0105046,tt0117438,tt0109830,tt0112384
nm0000642	Marina Sirtis	1955	\N	actress,producer,soundtrack	tt0375679,tt0120844,tt0117731,tt0111280
nm0000643	Tom Skerritt	1933	\N	actor,director,producer	tt0118884,tt0078748,tt0098384,tt0092099
nm0000644	Helen Slater	1963	\N	actress,soundtrack,writer	tt0089470,tt0093936,tt0091877,tt0088206
nm0000645	Anna Nicole Smith	1967	2007	miscellaneous,actress,producer	tt0377471,tt0758754,tt0110622,tt0110074
nm0000646	Jaclyn Smith	1945	\N	actress,producer,soundtrack	tt0094791,tt0065374,tt0081232,tt5033998
nm0000647	Alan Smithee	\N	\N	director,actor,writer	tt4591238,tt0118577,tt0116514,tt0086491
nm0000648	Wesley Snipes	1962	\N	actor,producer,soundtrack	tt0106697,tt0120611,tt0105812,tt0102526
nm0000649	Paul Sorvino	1939	\N	actor,soundtrack,director	tt0113987,tt0099685,tt0102803,tt0963194
nm0000650	Talisa Soto	1967	\N	actress	tt0113855,tt0097742,tt0119707,tt0117723
nm0000651	Sissy Spacek	1949	\N	actress,soundtrack,art_department	tt0247425,tt0080549,tt1454029,tt0074285
nm0000652	James Spader	1960	\N	actor,producer,soundtrack	tt2741602,tt0402711,tt2395427,tt0098724
nm0000653	Brent Spiner	1949	\N	actor,soundtrack,director	tt0111280,tt0117731,tt1628841,tt0253754
nm0000654	Terence Stamp	1938	\N	actor,soundtrack,director	tt0109045,tt0078346,tt0165854,tt1047011
nm0000655	Eric Stoltz	1961	\N	actor,producer,director	tt0110912,tt0094006,tt0089560,tt0289879
nm0000656	Madeleine Stowe	1958	\N	actress,director,writer	tt0114746,tt0144214,tt0104691,tt0108122
nm0000657	David Strathairn	1949	\N	actor,producer,soundtrack	tt0119488,tt0433383,tt0443272,tt0831387
nm0000658	Meryl Streep	1949	\N	actress,soundtrack,producer	tt0089755,tt0084707,tt1322269,tt0458352
nm0000659	Barbra Streisand	1942	\N	soundtrack,producer,actress	tt0070903,tt0062994,tt0086619,tt0117057
nm0000660	Tami Stronach	1972	\N	actress	tt3222644,tt12623434,tt6557704,tt0088323
nm0000661	Donald Sutherland	1935	\N	actor,soundtrack,producer	tt0077745,tt0414387,tt1951264,tt1951265
nm0000662	Kiefer Sutherland	1966	\N	actor,producer,miscellaneous	tt0790686,tt1527186,tt0183649,tt0285331
nm0000663	Dominique Swain	1980	\N	actress,producer,soundtrack	tt0119094,tt0203975,tt0426883,tt0119558
nm0000664	Patrick Swayze	1952	2009	actor,soundtrack,producer	tt0092890,tt0099653,tt0098206,tt0102685
nm0000665	D.B. Sweeney	1961	\N	actor,soundtrack,director	tt0104040
nm0000666	Lili Taylor	1967	\N	actress,writer,soundtrack	tt1457767,tt0116594,tt3488298
nm0000667	David Thewlis	1963	\N	actor,writer,soundtrack	tt0451279,tt0466909,tt1201607,tt0107653
nm0000668	Emma Thompson	1959	\N	actress,writer,producer	tt0107943,tt0314331,tt2140373,tt0114388
nm0000669	Fred Thompson	1942	2015	actor	tt0099423,tt0109190,tt0093640,tt0099810
nm0000670	Lea Thompson	1961	\N	actress,producer,director	tt0094006,tt0091225,tt0096874,tt0088763
nm0000671	Billy Bob Thornton	1955	\N	actor,writer,soundtrack	tt0117666,tt0120591,tt0120324,tt0243133
nm0000672	Meg Tilly	1960	\N	actress,writer	tt0086154,tt0088683,tt0085244,tt0106452
nm0000673	Marisa Tomei	1964	\N	actress,producer	tt0207201,tt1125849,tt0247425,tt0104952
nm0000674	Tamlyn Tomita	1966	\N	actress	tt0091326,tt0319262,tt0411951,tt0406759
nm0000675	Jeanne Tripplehorn	1963	\N	actress,soundtrack	tt0103772,tt0120148,tt0114898,tt0106918
nm0000676	Chris Tucker	1971	\N	actor,soundtrack,writer	tt1045658,tt0120812,tt0266915,tt0119695
nm0000677	Robin Tunney	1972	\N	actress,soundtrack	tt0115963,tt0112950,tt0146675,tt0190865
nm0000678	Kathleen Turner	1954	\N	actress,producer,soundtrack	tt0082089,tt0111127,tt0091738,tt0088011
nm0000679	Deborah Kara Unger	1966	\N	actress,producer,miscellaneous	tt0119174,tt0328538,tt1441912,tt0317042
nm0000680	Casper Van Dien	1968	\N	actor,producer,director	tt0162661,tt0120856,tt0437086,tt0120201
nm0000681	Vince Vaughn	1970	\N	producer,actor,writer	tt0452594,tt0396269,tt1078940,tt5657856
nm0000682	Paul Verhoeven	1938	\N	director,producer,writer	tt0389557,tt0164052,tt0093870,tt3716530
nm0000683	Gore Vidal	1925	2012	writer,actor	tt0080491,tt0041061,tt0111732,tt0119177
nm0000684	Nana Visitor	1957	\N	actress,soundtrack	tt0485301,tt0106145,tt0758746,tt2637276
nm0000685	Jon Voight	1938	\N	actor,producer,writer	tt0068473,tt0118615,tt0089941,tt0064665
nm0000686	Christopher Walken	1943	\N	actor,soundtrack,producer	tt0427327,tt0077416,tt0264464,tt0114194
nm0000687	J.T. Walsh	1943	1998	actor	tt0118771,tt0093105,tt0117666,tt0104257
nm0000688	Sela Ward	1956	\N	actress,producer	tt1628841,tt0106977,tt0338096,tt2267998
nm0000689	Julie Warner	1965	\N	actress,director,producer	tt0101745,tt0430634,tt0099582,tt0114694
nm0000690	Lesley Ann Warren	1946	\N	actress,soundtrack,producer	tt0057950,tt3322312,tt0084865,tt0088930
nm0000691	John Waters	1946	\N	actor,writer,director	tt0387575,tt0126604,tt0095270,tt0111127
nm0000692	Teri Weigel	1962	\N	actress	tt0098257,tt0100403,tt0100114,tt0096889
nm0000693	Peter Weller	1947	\N	actor,director,soundtrack	tt0086856,tt0093870,tt0102511,tt0100502
nm0000694	Wim Wenders	1945	\N	director,producer,writer	tt0093191,tt0101458,tt0087884,tt0107209
nm0000695	Joanne Whalley	1961	\N	actress	tt0096446,tt0100232,tt0090424,tt0120483
nm0000696	Wil Wheaton	1972	\N	actor,writer,producer	tt0092455,tt0084649,tt0103112,tt0092005
nm0000697	Billy Wilder	1906	2002	writer,director,producer	tt0047437,tt0053604,tt0043014,tt0053291
nm0000698	Gene Wilder	1933	2016	actor,soundtrack,writer	tt0072431,tt0067992,tt0098282,tt0063462
nm0000699	Michael Wincott	1958	\N	actor	tt0115632,tt0486674,tt0096219,tt0112817
nm0000700	Debra Winger	1955	\N	actress,producer,soundtrack	tt0081696,tt1084950,tt0084434,tt0086425
nm0000701	Kate Winslet	1975	\N	actress,soundtrack	tt0959337,tt0114388,tt0338013,tt0120338
nm0000702	Reese Witherspoon	1976	\N	actress,producer,soundtrack	tt0250494,tt2305051,tt0358273,tt0126886
nm0000703	BD Wong	1960	\N	actor,soundtrack	tt0369610,tt4158110,tt0107290,tt0120762
nm0000704	Elijah Wood	1981	\N	actor,producer,soundtrack	tt0338013,tt0167260,tt0167261,tt0120737
nm0000705	Robin Wright	1966	\N	actress,producer,director	tt0217869,tt0442933,tt0093779,tt0109830
nm0000706	Michelle Yeoh	1962	\N	actress,producer,writer	tt1302011,tt0190332,tt3104988,tt0120347
nm0000707	Sean Young	1959	\N	actress,miscellaneous,director	tt0087182,tt0109040,tt0093640,tt0083658
nm0000708	Billy Zane	1966	\N	actor,producer,soundtrack	tt0096874,tt0117331,tt0097162,tt0120338
nm0000709	Robert Zemeckis	1951	\N	producer,writer,director	tt0109830,tt0118884,tt0088763,tt1907668
nm0000710	David Raksin	1912	2004	music_department,composer,soundtrack	tt0037008,tt0458339,tt0119668,tt0027977
nm0000711	Rick Baker	1950	\N	make_up_department,actor,special_effects	tt0133152,tt0119654,tt0780653,tt0170016
nm0000712	Steve Cohen	\N	\N	assistant_director,director,miscellaneous	tt0143213,tt0089218,tt0363685,tt0098844
nm0000713	Joel Oliansky	1935	2002	writer,director,actor	tt0065278,tt0081900,tt0069599,tt0205655
nm0000714	Willie Aames	1960	\N	actor,writer,director	tt0075500,tt0086681,tt0084945
nm0000715	Caroline Aaron	1952	\N	actress,producer	tt0108160,tt1232829,tt0099487,tt0118954
nm0000716	Paula Abdul	1962	\N	soundtrack,actress,miscellaneous	tt0358082,tt0094898,tt0093894
nm0000717	Kareem Abdul-Jabbar	1947	\N	actor,producer,writer	tt0080339,tt0412253,tt0089155,tt0131857
nm0000718	Ian Abercrombie	1934	2012	actor,miscellaneous	tt0106220,tt0312098,tt0106308,tt1185834
nm0000719	F. Murray Abraham	1939	\N	actor,soundtrack	tt0113819,tt2278388,tt0086879,tt2042568
nm0000720	Jim Abrahams	1944	\N	writer,producer,director	tt0088286,tt0080339,tt0102059,tt0083466
nm0000721	Victoria Abril	1959	\N	actress,soundtrack	tt0103030,tt0101026,tt0094822,tt0284491
nm0000722	Joss Ackland	1928	\N	actor,soundtrack	tt0101452,tt0078480,tt0097733,tt0099810
nm0000723	Deborah Adair	1952	\N	actress	tt0099701,tt0058796,tt0081856,tt0069658
nm0000724	Brooke Adams	1949	\N	actress,producer,writer	tt0085407,tt0077405,tt0103157,tt0077745
nm0000725	Joey Lauren Adams	1968	\N	actress,soundtrack,director	tt2996684,tt0142342,tt0118842,tt0106677
nm0000726	Maud Adams	1945	\N	actress,director	tt0083178,tt0071807,tt0073631,tt0086034
nm0000727	Percy Adlon	1935	\N	director,writer,producer	tt0090377,tt0082225,tt0095801,tt0108636
nm0000728	Mario Adorf	1930	\N	actor,soundtrack,writer	tt0078875,tt0103432,tt0112154,tt0067315
nm0000729	Casey Affleck	1975	\N	actor,producer,writer	tt4034228,tt1206543,tt0443680,tt0452623
nm0000730	John Agar	1921	2002	actor,music_department	tt0041841,tt0040369,tt0049516,tt0066831
nm0000731	Brian Aherne	1902	1986	actor,soundtrack	tt0030442,tt0057547,tt0036203,tt0031516
nm0000732	Danny Aiello	1933	2019	actor,producer,soundtrack	tt0110413,tt0102070,tt0093565,tt0097216
nm0000733	Anouk Aimée	1932	\N	actress	tt0061138,tt0056801,tt0055093,tt0053779
nm0000734	Eddie Albert	1906	2005	actor,soundtrack,producer	tt0046250,tt0058808,tt0068687,tt0071771
nm0000735	Brian Aldiss	1925	2017	writer,actor	tt0212720,tt1590816,tt0099612,tt0432260
nm0000736	Robert Aldrich	1918	1983	director,assistant_director,producer	tt0061578,tt0071771,tt0070030,tt0056687
nm0000737	Jane Alexander	1939	\N	actress,producer,soundtrack	tt0298130,tt0079417,tt0086429,tt0124315
nm0000738	Muhammad Ali	1942	2016	actor,soundtrack,writer	tt0118147,tt0076111,tt0056406,tt0077003
nm0000739	Debbie Allen	1950	\N	actress,producer,director	tt0080716,tt0413573,tt0118607,tt0083412
nm0000740	Irwin Allen	1916	1991	writer,producer,director	tt0057798,tt0044009,tt0060036,tt0072308
nm0000741	Tim Allen	1953	\N	actor,producer,miscellaneous	tt0111070,tt0177789,tt0101120,tt0114709
nm0000742	June Allyson	1917	2006	actress,soundtrack	tt0040876,tt0041928,tt0049578,tt0046963
nm0000743	Néstor Almendros	1930	1992	cinematographer,director,actor	tt0077405,tt0084707,tt0194196,tt0080453
nm0000744	Maria Conchita Alonso	1957	\N	actress,soundtrack,producer	tt1186370,tt0100403,tt0093894,tt0092997
nm0000745	Carol Alt	1960	\N	actress,producer,executive	tt0112829,tt0161942,tt0119951,tt1859650
nm0000746	Trini Alvarado	1967	\N	actress,soundtrack	tt0100691,tt0103747,tt0116365,tt0110367
nm0000747	Don Ameche	1908	1993	actor,soundtrack,director	tt0035979,tt0088933,tt0107131,tt0086465
nm0000748	Leon Ames	1902	1993	actor,soundtrack	tt0066473,tt0037059,tt0043880,tt0091738
nm0000749	Mädchen Amick	1970	\N	actress,director,producer	tt0109665,tt0098936,tt0105665,tt5420376
nm0000750	Jon Amiel	1948	\N	director,producer,script_department	tt0137494,tt0100822,tt0112722,tt0298814
nm0000751	Suzy Amis	1962	\N	actress,producer,soundtrack	tt0114814,tt0109303,tt0106350,tt0120338
nm0000752	Judith Anderson	1897	1992	actress,soundtrack	tt0088170,tt0037008,tt0051459,tt0032976
nm0000753	Juliet Anderson	1938	2010	actress,director,producer	tt0183031,tt0082707,tt0080677,tt0265023
nm0000754	Kevin Anderson	1960	\N	actor,soundtrack,stunts	tt0413895,tt0093683,tt0102945,tt0118411
nm0000755	Lindsay Anderson	1923	1994	director,actor,writer	tt0057578,tt0063850,tt0083694,tt0070464
nm0000756	Loni Anderson	1945	\N	actress,soundtrack	tt0118539,tt0086379,tt0120770,tt0077097
nm0000757	Melissa Sue Anderson	1962	\N	actress,producer,soundtrack	tt0082498,tt0088513,tt0463850,tt0071007
nm0000758	Melody Anderson	1955	\N	actress	tt0091055,tt0082242,tt0098369,tt0080745
nm0000759	Paul Thomas Anderson	1970	\N	director,writer,producer	tt11271038,tt0118749,tt0272338,tt0469494
nm0000760	Richard Dean Anderson	1950	\N	actor,producer,soundtrack	tt0929629,tt0088559,tt0118480,tt0374455
nm0000761	Bibi Andersson	1935	2019	actress,soundtrack	tt0060827,tt0050976,tt0837106,tt0050986
nm0000762	Anthony Andrews	1948	\N	actor,producer,soundtrack	tt0083390,tt1504320,tt0084637,tt0088322
nm0000763	Dana Andrews	1909	1992	actor,soundtrack	tt0037008,tt0037691,tt0051221,tt0036868
nm0000764	André the Giant	1946	1993	actor	tt0250824,tt0261495,tt0071054,tt0093779
nm0000765	Pier Angeli	1932	1971	actress,soundtrack	tt0058947,tt0049778,tt0044112,tt0056504
nm0000766	Theodoros Angelopoulos	1935	2012	director,writer,producer	tt0081148,tt0156794,tt0114863,tt0096288
nm0000767	Jean-Hugues Anglade	1955	\N	actor,director,writer	tt0110963,tt0090563,tt0100263,tt0364045
nm0000768	Francesca Annis	1945	\N	actress	tt0087182,tt0375920,tt0077042,tt0085811
nm0000769	Susan Anspach	1942	2018	actress,soundtrack	tt0079832,tt0065724,tt0069808,tt0069097
nm0000770	David Anspaugh	1946	\N	producer,director	tt0108002,tt4196848,tt0081873,tt0091217
nm0000771	Lysette Anthony	1963	\N	actress,producer	tt0112896,tt0099363,tt0085811,tt0104466
nm0000772	Susan Anton	1950	\N	actress,soundtrack,producer	tt0078694,tt0096542,tt0087032,tt0079225
nm0000773	Laura Antonelli	1941	2015	actress	tt0070358,tt0082883,tt0074686,tt0071844
nm0000774	Michelangelo Antonioni	1912	2007	writer,director,editor	tt0060176,tt0053619,tt0047821,tt0073580
nm0000775	Christina Applegate	1971	\N	actress,producer,soundtrack	tt0092400,tt0101757,tt0253867,tt4651520
nm0000776	Michael Apted	1941	2021	director,producer,miscellaneous	tt0143145,tt1734493,tt0157583,tt0384766
nm0000777	Gregg Araki	1959	\N	writer,director,producer	tt0094134,tt0370986,tt1523483,tt2238050
nm0000778	Alfonso Arau	1932	\N	actor,director,writer	tt0103994,tt2380307,tt0092086,tt0114887
nm0000779	Roscoe 'Fatty' Arbuckle	1887	1933	actor,director,writer	tt0012382,tt0007761,tt0007819,tt0009123
nm0000780	Denys Arcand	1941	\N	writer,director,actor	tt0338135,tt7231342,tt0097635,tt0090985
nm0000781	Eve Arden	1908	1990	actress,soundtrack	tt0052561,tt0077631,tt0044287,tt0037913
nm0000782	Asia Argento	1975	\N	actress,director,writer	tt0295701,tt0368774,tt0418819,tt0218581
nm0000783	Dario Argento	1940	\N	writer,director,producer	tt0065143,tt0093677,tt0087909,tt0073582
nm0000784	Pedro Armendáriz	1912	1963	actor,producer	tt0040064,tt0040369,tt0037981,tt0057076
nm0000785	Alison Armitage	1965	\N	actress	tt0116695,tt0180339,tt0105930,tt0115237
nm0000786	George Armitage	1942	\N	producer,writer,director	tt0119229,tt0100143,tt0075393,tt0065760
nm0000787	Bess Armstrong	1953	\N	actress	tt0082405,tt0085678,tt0108872,tt0085750
nm0000788	Gillian Armstrong	1950	\N	director,producer,writer	tt0245046,tt0079596,tt0117206,tt0110367
nm0000789	Desi Arnaz	1917	1986	producer,actor,production_manager	tt1243974,tt0041475,tt0043208,tt0047191
nm0000790	James Arness	1923	2011	actor,producer,miscellaneous	tt0047736,tt0047573,tt0092527,tt0044121
nm0000791	Jack Arnold	1912	1992	director,producer,writer	tt2402723,tt0043138,tt0046876,tt0050539
nm0000792	Tom Arnold	1959	\N	actor,producer,writer	tt0111503,tt0119640,tt0117768,tt0242445
nm0000793	Alexis Arquette	1969	2016	actress,art_department,producer	tt0110912,tt0160862,tt0283003,tt0144120
nm0000794	Lewis Arquette	1935	2001	actor,writer,producer	tt0118111,tt0185431,tt0078966,tt0098439
nm0000795	Jean Arthur	1900	1991	actress,soundtrack	tt0031762,tt0046303,tt0031679,tt0030993
nm0000796	Dana Ashbrook	1967	\N	actor,writer	tt0098936,tt5334704,tt0105665,tt0095990
nm0000797	Hal Ashby	1929	1988	director,editorial_department,actor	tt0077362,tt0078841,tt0067185,tt0061811
nm0000798	Linden Ashby	1960	\N	actor,director	tt1567432,tt0113855,tt0111756,tt0432021
nm0000799	Edward Asner	1929	2021	actor,producer,soundtrack	tt1049413,tt0061619,tt0319343,tt0065314
nm0000800	Armand Assante	1949	\N	actor,soundtrack,producer	tt0113492,tt0104802,tt0765429,tt0116441
nm0000801	Olivier Assayas	1955	\N	writer,director,assistant_director	tt4714782,tt2452254,tt0216689,tt0401711
nm0000802	Mary Astor	1906	1987	actress,soundtrack	tt0033677,tt0037059,tt0033870,tt0034428
nm0000803	Christopher Atkins	1961	\N	actor,writer,producer	tt4893122,tt0084504,tt0086011,tt0080453
nm0000804	Stéphane Audran	1932	2018	actress,soundtrack	tt0062728,tt0064106,tt0068361,tt0092603
nm0000805	Claudine Auger	1941	2019	actress	tt0080718,tt0059800,tt0067656,tt1369743
nm0000806	Bille August	1948	\N	director,writer,cinematographer	tt0257215,tt0107151,tt0093713,tt0119683
nm0000807	Jane Austen	1775	1817	writer	tt0114388,tt0414387,tt0116191,tt9214832
nm0000808	Paul Auster	1947	\N	writer,director,producer	tt0125879,tt3350042,tt0114478,tt0479074
nm0000809	Daniel Auteuil	1950	\N	actor,director,writer	tt1473063,tt0387898,tt0091288,tt0243493
nm0000810	Gene Autry	1907	1998	soundtrack,actor,producer	tt0027361,tt0034106,tt0032513,tt0042110
nm0000811	Frankie Avalon	1940	\N	soundtrack,actor,producer	tt0059726,tt0058953,tt0112641,tt0077631
nm0000812	Roger Avary	1965	\N	writer,producer,director	tt7248248,tt0292644,tt0110265,tt0110912
nm0000813	Tex Avery	1908	1980	director,animation_department,actor	tt0033260,tt0038595,tt0032243,tt0038702
nm0000814	John G. Avildsen	1935	2017	director,editor,cinematographer	tt0087538,tt0100507,tt0097647,tt0075148
nm0000815	Mili Avital	1972	\N	actress,director,editor	tt0120723,tt0181199,tt0112817,tt0111282
nm0000816	Jon Avnet	1949	\N	producer,director,writer	tt0947798,tt0118055,tt0101921,tt0086200
nm0000817	Lew Ayres	1908	1996	actor,soundtrack,director	tt0020629,tt0069768,tt0040495,tt0030241
nm0000818	Shabana Azmi	1950	\N	actress,music_department	tt0083578,tt5286444,tt2792284,tt0116308
nm0000819	Barbara Bach	1946	\N	actress	tt0080058,tt0064750,tt0077572,tt0076752
nm0000820	Burt Bacharach	1928	\N	soundtrack,music_department,composer	tt0145660,tt0064115,tt0082031,tt0119738
nm0000821	Amitabh Bachchan	1942	\N	actor,producer,writer	tt5571734,tt0375611,tt0337578,tt0213890
nm0000822	Jim Backus	1913	1989	actor,writer,soundtrack	tt0057751,tt0048545,tt0057193,tt0057681
nm0000823	Angelo Badalamenti	1937	\N	music_department,composer,soundtrack	tt0116922,tt0344510,tt0105665,tt0166924
nm0000824	John Badham	1939	\N	director,producer,actor	tt0076666,tt0086567,tt0091949,tt0094025
nm0000825	Mary Badham	1952	\N	actress	tt0052520,tt0060626,tt0056592,tt0061089
nm0000826	Jane Badler	1953	\N	actress,producer,soundtrack	tt0085106,tt0086822,tt4054004,tt4244730
nm0000827	Maxine Bahns	1971	\N	actress	tt6517320,tt0117628,tt0112585,tt8558774
nm0000828	Barbara Bain	1931	\N	actress,soundtrack	tt0270197,tt0072564,tt0060009,tt8717656
nm0000829	Stuart Baird	1947	\N	editor,editorial_department,director	tt0078346,tt0253754,tt1074638,tt0381061
nm0000830	Oksana Baiul	1977	\N	actress	tt0115101,tt0118186,tt7462076,tt0244110
nm0000832	Diane Baker	1938	\N	actress,producer,production_manager	tt0115798,tt0102926,tt0057426,tt0058329
nm0000833	Joe Don Baker	1936	\N	actor,production_manager,miscellaneous	tt0112715,tt0113189,tt0116996,tt0093428
nm0000834	Kathy Baker	1950	\N	actress,producer	tt0099487,tt1315216,tt0124315,tt0103512
nm0000835	Ralph Bakshi	1938	\N	animation_department,director,producer	tt0077869,tt0068612,tt0085542,tt0076929
nm0000836	Scott Bakula	1954	\N	actor,producer,soundtrack	tt0169547,tt1291580,tt0096684,tt0244365
nm0000837	Bob Balaban	1945	\N	actor,director,producer	tt0075860,tt0379725,tt0310281,tt0280707
nm0000838	Daniel Baldwin	1960	\N	actor,producer,director	tt1830617,tt0758751,tt0368479,tt1600194
nm0000839	Ina Balin	1937	1990	actress,writer,producer	tt0054757,tt0076984,tt0053841,tt0058456
nm0000840	Lucille Ball	1911	1989	actress,producer,production_manager	tt0055686,tt0043208,tt0047191,tt0062570
nm0000841	Michael Ballhaus	1935	2017	cinematographer,director,actor	tt0099685,tt0407887,tt0106226,tt0103874
nm0000842	Martin Balsam	1919	1996	actor	tt0050083,tt0054215,tt0059798,tt0074119
nm0000843	Anne Bancroft	1931	2005	actress,soundtrack,director	tt0119223,tt0061722,tt0056241,tt0076843
nm0000844	Tamasaburô Bandô	1950	\N	actor,director,writer	tt0184507,tt0079041,tt0108639,tt0230866
nm0000845	Tallulah Bankhead	1902	1968	actress	tt0022814,tt0037017,tt0059106,tt0038040
nm0000846	Ian Bannen	1928	1999	actor	tt0059183,tt0166396,tt0112573,tt0093209
nm0000847	Theda Bara	1885	1955	actress,writer	tt0007769,tt0009792,tt0005339,tt0005100
nm0000848	Olivia Barash	1965	\N	actress,soundtrack,producer	tt0101761,tt0083412,tt0090213,tt0087995
nm0000849	Javier Bardem	1969	\N	actor,producer,soundtrack	tt1074638,tt1164999,tt0477348,tt0369702
nm0000850	Clive Barker	1952	\N	writer,producer,actor	tt0093177,tt0100260,tt0805570,tt0103919
nm0000851	Lex Barker	1919	1973	actor	tt0045220,tt0059915,tt0043025,tt0058751
nm0000852	Jean-Marc Barr	1960	\N	actor,producer,director	tt0095250,tt1462411,tt1692227,tt0178721
nm0000853	Bruno Barreto	1955	\N	director,producer,writer	tt0077452,tt0119815,tt0179170,tt2217458
nm0000854	Majel Barrett	1932	2008	actress,producer,writer	tt0253754,tt0111280,tt0117731,tt0070909
nm0000855	Raymond J. Barry	1939	\N	actor	tt0841046,tt0305711,tt0139654,tt0106856
nm0000856	Ethel Barrymore	1879	1959	actress	tt0038975,tt0041746,tt0037135,tt0039694
nm0000857	John Drew Barrymore	1932	2004	actor,director	tt0055866,tt0134061,tt0059069,tt0055855
nm0000858	John Barrymore	1882	1942	actor,soundtrack,writer	tt0022454,tt0022958,tt0023948,tt0025919
nm0000859	Lionel Barrymore	1878	1954	actor,director,soundtrack	tt0040506,tt0021885,tt0030993,tt0038650
nm0000860	Paul Bartel	1938	2000	actor,director,writer	tt0083869,tt0072856,tt0098261,tt0116225
nm0000861	Freddie Bartholomew	1924	1992	producer,actor,soundtrack	tt0030368,tt0027893,tt0028691,tt0026266
nm0000862	Robin Bartlett	1951	\N	actress,miscellaneous	tt1130884,tt2042568,tt0120632,tt0084707
nm0000863	Billy Barty	1924	2000	actor,soundtrack,director	tt0089469,tt0093507,tt0093891,tt0096446
nm0000864	Mikhail Baryshnikov	1948	\N	actor,producer,miscellaneous	tt0076843,tt0090319,tt0101606,tt0136439
nm0000865	Richard Basehart	1914	1984	actor,director	tt0049513,tt0057798,tt0043560,tt0047528
nm0000866	Saul Bass	1920	1996	miscellaneous,art_department,director	tt0053125,tt0086162,tt0070531,tt0063804
nm0000867	Jason Bateman	1969	\N	actor,producer,director	tt2948356,tt0367279,tt0467406,tt2170299
nm0000868	Justine Bateman	1966	\N	actress,producer,soundtrack	tt6852672,tt0367279,tt6662050,tt0083413
nm0000869	Alan Bates	1934	2003	actor,soundtrack,producer	tt0066579,tt0164184,tt0265349,tt0280707
nm0000870	Kathy Bates	1948	\N	actress,director,soundtrack	tt0100157,tt0109642,tt0120338,tt0257360
nm0000871	Randall Batinkoff	1968	\N	actor,producer,director	tt0119874,tt0103893,tt0119822,tt2357144
nm0000872	Patrick Bauchau	1938	\N	actor,writer,producer	tt0258000,tt0115320,tt0319969,tt0090264
nm0000873	Belinda Bauer	1950	\N	actress	tt0100502,tt0090066,tt0098546,tt0085549
nm0000874	Steven Bauer	1956	\N	actor,producer,soundtrack	tt0181865,tt2249007,tt0117381,tt0086250
nm0000875	L. Frank Baum	1856	1919	writer,producer,miscellaneous	tt0032138,tt0089908,tt0004207,tt0000679
nm0000876	Noah Baumbach	1969	\N	writer,director,producer	tt2347569,tt2872462,tt0367089,tt7653254
nm0000877	Lamberto Bava	1944	\N	director,assistant_director,producer	tt0089013,tt0088100,tt0090930,tt0101493
nm0000878	Mario Bava	1914	1980	cinematographer,special_effects,director	tt0055022,tt0058567,tt0067656,tt0068863
nm0000879	Anne Baxter	1923	1985	actress,soundtrack,producer	tt0042192,tt0049833,tt0038873,tt0035015
nm0000880	Meredith Baxter	1947	\N	actress,soundtrack,producer	tt0105833,tt0073992,tt0074119,tt0083413
nm0000881	Michael Bay	1965	\N	producer,director,actor	tt2109248,tt0117500,tt1055369,tt0120591
nm0000882	Nathalie Baye	1948	\N	actress,soundtrack	tt0174330,tt1650048,tt0264464,tt0204709
nm0000883	Stephanie Beacham	1947	\N	actress,soundtrack	tt0452643,tt0096698,tt0088496,tt0081856
nm0000884	Jennifer Beals	1963	\N	actress,producer,soundtrack	tt0113101,tt0085549,tt0088851,tt1037705
nm0000885	Ned Beatty	1937	2021	actor,soundtrack	tt0074958,tt0822854,tt0068473,tt0078346
nm0000886	Warren Beatty	1937	\N	actor,soundtrack,producer	tt0077663,tt0118798,tt0061418,tt0082979
nm0000887	Harold Becker	1928	\N	director,producer,cinematographer	tt0249478,tt0120749,tt0107497,tt0098273
nm0000888	Meret Becker	1969	\N	actress,composer,soundtrack	tt0111613,tt0111183,tt0128133,tt0408306
nm0000889	Bonnie Bedelia	1948	\N	actress,soundtrack	tt0085656,tt0099423,tt0100404,tt0095016
nm0000890	Noah Beery Jr.	1913	1994	actor,soundtrack	tt0031762,tt0040724,tt0071042,tt0053946
nm0000891	Wallace Beery	1885	1949	actor,director,soundtrack	tt0023948,tt0040271,tt0022958,tt0025948
nm0000892	Jason Beghe	1960	\N	actor,producer	tt0095652,tt0103074,tt0119173,tt1458175
nm0000893	Ed Begley Jr.	1949	\N	actor,producer,director	tt0910936,tt1289401,tt1178663,tt0310281
nm0000894	Jean-Jacques Beineix	1946	2022	assistant_director,producer,director	tt0098226,tt0090563,tt0104473,tt0082269
nm0000895	Barbara Bel Geddes	1922	2005	actress,soundtrack	tt0040221,tt0042832,tt0052357,tt0077000
nm0000896	Harry Belafonte	1927	\N	soundtrack,actor,producer	tt0308055,tt0116745,tt0053454,tt7349662
nm0000897	Ralph Bellamy	1904	1991	actor,soundtrack	tt0032599,tt0028597,tt0034398,tt0086465
nm0000898	Kathleen Beller	1956	\N	actress	tt0084749,tt0071562,tt0077952,tt0081856
nm0000899	Monica Bellucci	1964	\N	actress,soundtrack	tt0234215,tt0242653,tt0213847,tt0465602
nm0000900	Pamela Bellwood	1944	\N	actress	tt0075359,tt0075648,tt0081485,tt0081856
nm0000901	Jean-Paul Belmondo	1933	2021	actor,producer,stunts	tt0061452,tt0095386,tt0053472,tt0059592
nm0000902	Jim Belushi	1954	\N	actor,music_department,producer	tt0095963,tt0091419,tt0097637,tt0117468
nm0000903	Brian Benben	1956	\N	actor,producer,writer	tt0099817,tt0098780,tt0167547,tt0110939
nm0000904	William Bendix	1906	1964	actor,soundtrack,writer	tt0038453,tt0037017,tt0034798,tt0038369
nm0000905	Roberto Benigni	1952	\N	actor,writer,director	tt0118799,tt0419198,tt0102164,tt0090967
nm0000906	Annette Bening	1958	\N	actress,soundtrack,executive	tt0169547,tt0099703,tt0842926,tt4385888
nm0000907	Richard Benjamin	1938	\N	actor,director,producer	tt0070909,tt0065636,tt0070291,tt0118954
nm0000908	David Bennent	1966	\N	actor	tt0078875,tt0085289,tt0089469,tt0303457
nm0000909	Constance Bennett	1904	1965	actress,soundtrack,producer	tt0029682,tt0023786,tt0030442,tt0024506
nm0000910	Joan Bennett	1910	1990	actress,soundtrack	tt0076786,tt0059978,tt0033873,tt0040000
nm0000911	Nigel Bennett	1949	\N	actor,director,soundtrack	tt0284978,tt0115243,tt0103417,tt5580390
nm0000912	Jack Benny	1894	1974	actor,soundtrack,producer	tt0034780,tt0033457,tt0042116,tt0035446
nm0000913	Robby Benson	1956	\N	actor,director,soundtrack	tt0076500,tt0040053,tt0108778,tt0101414
nm0000914	Robert Benton	1932	\N	writer,director,producer	tt0079417,tt0078346,tt0087921,tt0061418
nm0000915	Bruce Beresford	1940	\N	director,producer,writer	tt0097239,tt0080310,tt4196848,tt6684884
nm0000916	Peter Berg	1964	\N	producer,actor,writer	tt0369339,tt0124198,tt0108724,tt1091191
nm0000917	Polly Bergen	1930	2014	actress,soundtrack,miscellaneous	tt0058266,tt0048893,tt0055824,tt0099329
nm0000918	Helmut Berger	1944	\N	actor,soundtrack	tt0064118,tt0073634,tt0099674,tt0068883
nm0000919	Senta Berger	1941	\N	actress,producer,soundtrack	tt0896680,tt0062657,tt0061568,tt0090465
nm0000920	Patrick Bergin	1951	\N	actor,soundtrack,producer	tt0102945,tt0102340,tt0102797,tt0105112
nm0000921	Andrew Bergman	1945	\N	writer,director,producer	tt0089155,tt0071230,tt0110167,tt0117765
nm0000922	Sandahl Bergman	1951	\N	actress,soundtrack	tt0082198,tt0089893,tt0093171,tt0090009
nm0000923	Busby Berkeley	1895	1976	miscellaneous,director,music_department	tt0026421,tt0029725,tt0027686,tt0025028
nm0000924	Elizabeth Berkley	1972	\N	actress,producer,soundtrack	tt0114436,tt0116313,tt0146838,tt1231277
nm0000925	Steven Berkoff	1937	\N	actor,writer,director	tt1243957,tt0086960,tt0086034,tt0066921
nm0000926	Milton Berle	1908	2002	actor,producer,soundtrack	tt0057193,tt0040041,tt0059410,tt0079588
nm0000927	Irving Berlin	1888	1989	soundtrack,music_department,writer	tt0034862,tt0036430,tt0038370,tt0029852
nm0000928	Sandra Bernhard	1955	\N	actress,soundtrack,writer	tt0102070,tt0085794,tt0138967,tt0081506
nm0000929	Corbin Bernsen	1954	\N	actor,producer,director	tt0491738,tt0097815,tt0110442,tt0373469
nm0000930	Elmer Bernstein	1922	2004	music_department,composer,soundtrack	tt0054047,tt0056592,tt0297884,tt0120891
nm0000931	Elizabeth Berridge	1962	\N	actress	tt0082427,tt0086879,tt0106039,tt0317648
nm0000932	Halle Berry	1966	\N	actress,producer,executive	tt0348836,tt0285742,tt0246460,tt0327554
nm0000933	Valerie Bertinelli	1960	\N	actress,producer,soundtrack	tt0095816,tt0078924,tt0072554,tt0093658
nm0000934	Bernardo Bertolucci	1941	2018	writer,director,producer	tt0117737,tt0093389,tt0065571,tt0070849
nm0000935	Bibi Besch	1942	1996	actress	tt0098384,tt0104118,tt0100814,tt0084726
nm0000936	Martine Beswick	1941	\N	actress,soundtrack	tt0068502,tt0061429,tt0059800,tt0057076
nm0000937	Richard Beymer	1939	\N	actor,cinematographer,editor	tt0055614,tt0056197,tt0226836,tt0098936
nm0000938	Daniela Bianchi	1942	\N	actress	tt0060704,tt0062078,tt0057076,tt0062397
nm0000939	Adrian Biddle	1952	2005	cinematographer,camera_department	tt0434409,tt0103594,tt0103074,tt0090605
nm0000940	Bigas Luna	1946	2013	writer,director,producer	tt0078934,tt0090644,tt0104545,tt0129923
nm0000941	Kathryn Bigelow	1951	\N	director,producer,actress	tt0093605,tt0887912,tt0114558,tt1790885
nm0000942	Theodore Bikel	1924	2015	actor,soundtrack,director	tt0043265,tt0050356,tt0051525,tt0058385
nm0000943	Traci Bingham	1968	\N	actress	tt0373163,tt0114608,tt3572718,tt0096542
nm0000944	Antonia Bird	1951	2013	director,producer	tt0129332,tt0110889,tt0263181,tt0119092
nm0000945	Jane Birkin	1946	\N	actress,soundtrack,director	tt0901473,tt0083908,tt0077413,tt0060176
nm0000946	Whit Bissell	1909	1996	actor,soundtrack	tt0070723,tt0054047,tt0046876,tt0054387
nm0000947	Karen Black	1939	2013	actress,soundtrack,writer	tt0071577,tt0073440,tt0251736,tt0065724
nm0000948	Shane Black	1961	\N	writer,actor,director	tt0093773,tt0373469,tt1300854,tt3799694
nm0000949	Cate Blanchett	1969	\N	actress,producer,writer	tt0167260,tt0120737,tt2402927,tt0338751
nm0000950	Brenda Blethyn	1946	\N	actress,soundtrack,writer	tt0147004,tt0195234,tt0414387,tt0117589
nm0000951	Joan Blondell	1906	1979	actress,soundtrack	tt0079672,tt0050307,tt0077631,tt0022676
nm0000952	Hart Bochner	1956	\N	actor,director,writer	tt0106364,tt0078902,tt0088206,tt0095016
nm0000953	Peter Bogdanovich	1939	2022	actor,director,writer	tt0067328,tt0079843,tt0070510,tt0063671
nm0000954	Jon Bon Jovi	1962	\N	soundtrack,actor,writer	tt1389096,tt0384286,tt0100994,tt0141926
nm0000955	Ward Bond	1903	1960	actor,soundtrack	tt0038650,tt0049730,tt0033870,tt0045061
nm0000956	Lisa Bonet	1967	\N	actress,director,soundtrack	tt0092563,tt0120660,tt0146882,tt0086687
nm0000957	Jan de Bont	1943	\N	cinematographer,camera_department,producer	tt0171363,tt0111257,tt0117998,tt0181689
nm0000958	John Boorman	1933	\N	producer,director,writer	tt0120706,tt0093209,tt0082348,tt0068473
nm0000959	Powers Boothe	1948	2017	actor,soundtrack	tt0114576,tt0401792,tt0108358,tt0848228
nm0000960	Barry Bostwick	1945	\N	actor,soundtrack,producer	tt0084316,tt0117723,tt0073629,tt1811315
nm0000961	Timothy Bottoms	1951	\N	actor,producer	tt0070509,tt0067328,tt0067277,tt0363589
nm0000962	Carole Bouquet	1957	\N	actress,director	tt0281364,tt0398664,tt0082398,tt0075824
nm0000963	Stephen Boyd	1931	1977	actor,soundtrack	tt0052618,tt0060801,tt0060397,tt0059219
nm0000964	Charles Boyer	1899	1978	actor,producer,soundtrack	tt0028739,tt0029855,tt0033722,tt0036855
nm0000965	Danny Boyle	1956	\N	director,producer,writer	tt1542344,tt1010048,tt0289043,tt0111149
nm0000966	Lorraine Bracco	1954	\N	actress,producer,director	tt0099685,tt0104839,tt0112461,tt0141842
nm0000967	Eric Braeden	1941	\N	actor,producer	tt0067065,tt0069658,tt0064177,tt0120338
nm0000968	Sônia Braga	1950	\N	actress,producer,soundtrack	tt0095654,tt0077452,tt0089424
nm0000969	Lillo Brancato	1976	\N	actor,producer	tt0112740,tt0180052,tt0106489,tt0110971
nm0000970	Jonathan Brandis	1976	2003	actor,miscellaneous,director	tt0099864,tt0106126,tt0100240,tt0104670
nm0000971	Nicoletta Braschi	1960	\N	actress,producer	tt6752992,tt0118799,tt0090967,tt0102164
nm0000972	Tinto Brass	1933	\N	actor,director,writer	tt0057942,tt0080491,tt0169806,tt0065161
nm0000973	Benjamin Bratt	1963	\N	actor,producer,director	tt0098844,tt2380307,tt0181865,tt0212346
nm0000974	Walter Brennan	1894	1974	actor,soundtrack	tt0040724,tt0053221,tt0033253,tt0037382
nm0000975	Robert Bresson	1901	1999	writer,director,editor	tt0042619,tt0049902,tt0060138,tt0061996
nm0000976	Martin Brest	1951	\N	director,actor,producer	tt0086960,tt0105323,tt0119643,tt0095631
nm0000977	Beau Bridges	1941	\N	actor,director,producer	tt0467197,tt1033575,tt0097322,tt0413895
nm0000978	Lloyd Bridges	1913	1998	actor,soundtrack,director	tt0080339,tt0083530,tt0102059,tt0107144
nm0000979	Wilford Brimley	1934	2020	actor,stunts	tt0084787,tt0119360,tt0088933,tt0087781
nm0000980	Jim Broadbent	1949	\N	actor,writer,soundtrack	tt0203009,tt1007029,tt0217505,tt1431181
nm0000981	James Brolin	1940	\N	actor,producer,director	tt0077294,tt0181865,tt0070909,tt0078767
nm0000982	Josh Brolin	1968	\N	actor,producer,writer	tt4154796,tt4154756,tt0477348,tt1791528
nm0000983	Albert Brooks	1947	\N	actor,writer,director	tt0089504,tt0101698,tt0780504,tt0092699
nm0000984	Avery Brooks	1948	\N	actor,director,music_department	tt0120609,tt0179626,tt0120586,tt0106145
nm0000985	James L. Brooks	1940	\N	writer,producer,miscellaneous	tt0086425,tt0119822,tt0092699,tt0371246
nm0000986	Bryan Brown	1947	\N	actor,producer,writer	tt0080310,tt0094889,tt2404233,tt0145547
nm0000987	Jim Brown	1936	\N	actor,producer,director	tt0146838,tt0061578,tt0093894,tt0116996
nm0000988	Jerry Bruckheimer	1943	\N	producer,music_department,actor	tt0383574,tt0120591,tt0449088,tt0210945
nm0000989	Yul Brynner	1920	1985	actor,director,producer	tt0049408,tt0049833,tt0054047,tt0070909
nm0000990	Betty Buckley	1947	\N	actress,soundtrack,composer	tt0074285,tt4972582,tt0949731,tt0095174
nm0000991	Geneviève Bujold	1942	\N	actress,soundtrack,writer	tt0094964,tt0079592,tt0077355,tt0064030
nm0000992	Billie Burke	1884	1970	actress,soundtrack	tt0032138,tt0029682,tt0030442,tt0023948
nm0000993	Carol Burnett	1933	\N	soundtrack,actress,producer	tt0061240,tt0451079,tt0105017,tt0083564
nm0000994	Raymond Burr	1917	1993	actor,production_manager,director	tt0087344,tt0061266,tt0047396,tt0197521
nm0000995	Ellen Burstyn	1932	\N	actress,producer,soundtrack	tt0067328,tt0070047,tt0180093,tt0071115
nm0000996	LeVar Burton	1957	\N	actor,director,producer	tt0111280,tt0117731,tt0120844,tt0253754
nm0000997	Gary Busey	1944	\N	actor,soundtrack,producer	tt0093409,tt0077280,tt0105690,tt0102685
nm0000998	Jake Busey	1971	\N	actor,producer,music_department	tt4574334,tt7555294,tt0116365,tt0120201
nm0000999	Red Buttons	1919	2006	actor,soundtrack,miscellaneous	tt0076538,tt0056197,tt0050933,tt0069113
nm0001000	Tom Byron	1961	\N	actor,director,producer	tt0178845,tt2059288,tt0097039,tt0151056
nm0001001	James Caan	1940	\N	actor,soundtrack,director	tt0083190,tt0100157,tt0276919,tt0068646
